code,official_title
Desktop/KB agenti/KBLI/KBLI_AUTOMOTIVE_MEDIA_FINANCE_PROFESSIONAL_STRUCTURED.md:1004:,
Desktop/KB agenti/KBLI/KBLI_AUTOMOTIVE_MEDIA_FINANCE_PROFESSIONAL_STRUCTURED.md:1013:,
Desktop/KB agenti/KBLI/KBLI_AUTOMOTIVE_MEDIA_FINANCE_PROFESSIONAL_STRUCTURED.md:1022:,
Desktop/KB agenti/KBLI/KBLI_AUTOMOTIVE_MEDIA_FINANCE_PROFESSIONAL_STRUCTURED.md:1031:,
Desktop/KB agenti/KBLI/KBLI_AUTOMOTIVE_MEDIA_FINANCE_PROFESSIONAL_STRUCTURED.md:104:,
Desktop/KB agenti/KBLI/KBLI_AUTOMOTIVE_MEDIA_FINANCE_PROFESSIONAL_STRUCTURED.md:1040:,
Desktop/KB agenti/KBLI/KBLI_AUTOMOTIVE_MEDIA_FINANCE_PROFESSIONAL_STRUCTURED.md:1049:,
Desktop/KB agenti/KBLI/KBLI_AUTOMOTIVE_MEDIA_FINANCE_PROFESSIONAL_STRUCTURED.md:1058:,
Desktop/KB agenti/KBLI/KBLI_AUTOMOTIVE_MEDIA_FINANCE_PROFESSIONAL_STRUCTURED.md:1067:,
Desktop/KB agenti/KBLI/KBLI_AUTOMOTIVE_MEDIA_FINANCE_PROFESSIONAL_STRUCTURED.md:1076:,
Desktop/KB agenti/KBLI/KBLI_AUTOMOTIVE_MEDIA_FINANCE_PROFESSIONAL_STRUCTURED.md:1085:,
Desktop/KB agenti/KBLI/KBLI_AUTOMOTIVE_MEDIA_FINANCE_PROFESSIONAL_STRUCTURED.md:1094:,
Desktop/KB agenti/KBLI/KBLI_AUTOMOTIVE_MEDIA_FINANCE_PROFESSIONAL_STRUCTURED.md:1103:,
Desktop/KB agenti/KBLI/KBLI_AUTOMOTIVE_MEDIA_FINANCE_PROFESSIONAL_STRUCTURED.md:1112:,
Desktop/KB agenti/KBLI/KBLI_AUTOMOTIVE_MEDIA_FINANCE_PROFESSIONAL_STRUCTURED.md:1121:,
Desktop/KB agenti/KBLI/KBLI_AUTOMOTIVE_MEDIA_FINANCE_PROFESSIONAL_STRUCTURED.md:113:,
Desktop/KB agenti/KBLI/KBLI_AUTOMOTIVE_MEDIA_FINANCE_PROFESSIONAL_STRUCTURED.md:1130:,
Desktop/KB agenti/KBLI/KBLI_AUTOMOTIVE_MEDIA_FINANCE_PROFESSIONAL_STRUCTURED.md:1139:,
Desktop/KB agenti/KBLI/KBLI_AUTOMOTIVE_MEDIA_FINANCE_PROFESSIONAL_STRUCTURED.md:1148:,
Desktop/KB agenti/KBLI/KBLI_AUTOMOTIVE_MEDIA_FINANCE_PROFESSIONAL_STRUCTURED.md:1157:,
Desktop/KB agenti/KBLI/KBLI_AUTOMOTIVE_MEDIA_FINANCE_PROFESSIONAL_STRUCTURED.md:1166:,
Desktop/KB agenti/KBLI/KBLI_AUTOMOTIVE_MEDIA_FINANCE_PROFESSIONAL_STRUCTURED.md:1175:,
Desktop/KB agenti/KBLI/KBLI_AUTOMOTIVE_MEDIA_FINANCE_PROFESSIONAL_STRUCTURED.md:1184:,
Desktop/KB agenti/KBLI/KBLI_AUTOMOTIVE_MEDIA_FINANCE_PROFESSIONAL_STRUCTURED.md:1193:,
Desktop/KB agenti/KBLI/KBLI_AUTOMOTIVE_MEDIA_FINANCE_PROFESSIONAL_STRUCTURED.md:1202:,
Desktop/KB agenti/KBLI/KBLI_AUTOMOTIVE_MEDIA_FINANCE_PROFESSIONAL_STRUCTURED.md:1211:,
Desktop/KB agenti/KBLI/KBLI_AUTOMOTIVE_MEDIA_FINANCE_PROFESSIONAL_STRUCTURED.md:122:,
Desktop/KB agenti/KBLI/KBLI_AUTOMOTIVE_MEDIA_FINANCE_PROFESSIONAL_STRUCTURED.md:1220:,
Desktop/KB agenti/KBLI/KBLI_AUTOMOTIVE_MEDIA_FINANCE_PROFESSIONAL_STRUCTURED.md:1229:,
Desktop/KB agenti/KBLI/KBLI_AUTOMOTIVE_MEDIA_FINANCE_PROFESSIONAL_STRUCTURED.md:1238:,
Desktop/KB agenti/KBLI/KBLI_AUTOMOTIVE_MEDIA_FINANCE_PROFESSIONAL_STRUCTURED.md:1247:,
Desktop/KB agenti/KBLI/KBLI_AUTOMOTIVE_MEDIA_FINANCE_PROFESSIONAL_STRUCTURED.md:1256:,
Desktop/KB agenti/KBLI/KBLI_AUTOMOTIVE_MEDIA_FINANCE_PROFESSIONAL_STRUCTURED.md:1265:,
Desktop/KB agenti/KBLI/KBLI_AUTOMOTIVE_MEDIA_FINANCE_PROFESSIONAL_STRUCTURED.md:1274:,
Desktop/KB agenti/KBLI/KBLI_AUTOMOTIVE_MEDIA_FINANCE_PROFESSIONAL_STRUCTURED.md:1283:,
Desktop/KB agenti/KBLI/KBLI_AUTOMOTIVE_MEDIA_FINANCE_PROFESSIONAL_STRUCTURED.md:1292:,
Desktop/KB agenti/KBLI/KBLI_AUTOMOTIVE_MEDIA_FINANCE_PROFESSIONAL_STRUCTURED.md:1301:,
Desktop/KB agenti/KBLI/KBLI_AUTOMOTIVE_MEDIA_FINANCE_PROFESSIONAL_STRUCTURED.md:131:,
Desktop/KB agenti/KBLI/KBLI_AUTOMOTIVE_MEDIA_FINANCE_PROFESSIONAL_STRUCTURED.md:1310:,
Desktop/KB agenti/KBLI/KBLI_AUTOMOTIVE_MEDIA_FINANCE_PROFESSIONAL_STRUCTURED.md:1319:,
Desktop/KB agenti/KBLI/KBLI_AUTOMOTIVE_MEDIA_FINANCE_PROFESSIONAL_STRUCTURED.md:1328:,
Desktop/KB agenti/KBLI/KBLI_AUTOMOTIVE_MEDIA_FINANCE_PROFESSIONAL_STRUCTURED.md:1337:,
Desktop/KB agenti/KBLI/KBLI_AUTOMOTIVE_MEDIA_FINANCE_PROFESSIONAL_STRUCTURED.md:1346:,
Desktop/KB agenti/KBLI/KBLI_AUTOMOTIVE_MEDIA_FINANCE_PROFESSIONAL_STRUCTURED.md:1355:,
Desktop/KB agenti/KBLI/KBLI_AUTOMOTIVE_MEDIA_FINANCE_PROFESSIONAL_STRUCTURED.md:1364:,
Desktop/KB agenti/KBLI/KBLI_AUTOMOTIVE_MEDIA_FINANCE_PROFESSIONAL_STRUCTURED.md:1373:,
Desktop/KB agenti/KBLI/KBLI_AUTOMOTIVE_MEDIA_FINANCE_PROFESSIONAL_STRUCTURED.md:1382:,
Desktop/KB agenti/KBLI/KBLI_AUTOMOTIVE_MEDIA_FINANCE_PROFESSIONAL_STRUCTURED.md:1391:,
Desktop/KB agenti/KBLI/KBLI_AUTOMOTIVE_MEDIA_FINANCE_PROFESSIONAL_STRUCTURED.md:14:,
Desktop/KB agenti/KBLI/KBLI_AUTOMOTIVE_MEDIA_FINANCE_PROFESSIONAL_STRUCTURED.md:140:,
Desktop/KB agenti/KBLI/KBLI_AUTOMOTIVE_MEDIA_FINANCE_PROFESSIONAL_STRUCTURED.md:1400:,
Desktop/KB agenti/KBLI/KBLI_AUTOMOTIVE_MEDIA_FINANCE_PROFESSIONAL_STRUCTURED.md:1409:,
Desktop/KB agenti/KBLI/KBLI_AUTOMOTIVE_MEDIA_FINANCE_PROFESSIONAL_STRUCTURED.md:1418:,
Desktop/KB agenti/KBLI/KBLI_AUTOMOTIVE_MEDIA_FINANCE_PROFESSIONAL_STRUCTURED.md:1427:,
Desktop/KB agenti/KBLI/KBLI_AUTOMOTIVE_MEDIA_FINANCE_PROFESSIONAL_STRUCTURED.md:1436:,
Desktop/KB agenti/KBLI/KBLI_AUTOMOTIVE_MEDIA_FINANCE_PROFESSIONAL_STRUCTURED.md:1445:,
Desktop/KB agenti/KBLI/KBLI_AUTOMOTIVE_MEDIA_FINANCE_PROFESSIONAL_STRUCTURED.md:1454:,
Desktop/KB agenti/KBLI/KBLI_AUTOMOTIVE_MEDIA_FINANCE_PROFESSIONAL_STRUCTURED.md:1463:,
Desktop/KB agenti/KBLI/KBLI_AUTOMOTIVE_MEDIA_FINANCE_PROFESSIONAL_STRUCTURED.md:1472:,
Desktop/KB agenti/KBLI/KBLI_AUTOMOTIVE_MEDIA_FINANCE_PROFESSIONAL_STRUCTURED.md:1481:,
Desktop/KB agenti/KBLI/KBLI_AUTOMOTIVE_MEDIA_FINANCE_PROFESSIONAL_STRUCTURED.md:149:,
Desktop/KB agenti/KBLI/KBLI_AUTOMOTIVE_MEDIA_FINANCE_PROFESSIONAL_STRUCTURED.md:1490:,
Desktop/KB agenti/KBLI/KBLI_AUTOMOTIVE_MEDIA_FINANCE_PROFESSIONAL_STRUCTURED.md:1499:,
Desktop/KB agenti/KBLI/KBLI_AUTOMOTIVE_MEDIA_FINANCE_PROFESSIONAL_STRUCTURED.md:1508:,
Desktop/KB agenti/KBLI/KBLI_AUTOMOTIVE_MEDIA_FINANCE_PROFESSIONAL_STRUCTURED.md:1517:,
Desktop/KB agenti/KBLI/KBLI_AUTOMOTIVE_MEDIA_FINANCE_PROFESSIONAL_STRUCTURED.md:1526:,
Desktop/KB agenti/KBLI/KBLI_AUTOMOTIVE_MEDIA_FINANCE_PROFESSIONAL_STRUCTURED.md:1535:,
Desktop/KB agenti/KBLI/KBLI_AUTOMOTIVE_MEDIA_FINANCE_PROFESSIONAL_STRUCTURED.md:1544:,
Desktop/KB agenti/KBLI/KBLI_AUTOMOTIVE_MEDIA_FINANCE_PROFESSIONAL_STRUCTURED.md:1553:,
Desktop/KB agenti/KBLI/KBLI_AUTOMOTIVE_MEDIA_FINANCE_PROFESSIONAL_STRUCTURED.md:1562:,
Desktop/KB agenti/KBLI/KBLI_AUTOMOTIVE_MEDIA_FINANCE_PROFESSIONAL_STRUCTURED.md:1571:,
Desktop/KB agenti/KBLI/KBLI_AUTOMOTIVE_MEDIA_FINANCE_PROFESSIONAL_STRUCTURED.md:158:,
Desktop/KB agenti/KBLI/KBLI_AUTOMOTIVE_MEDIA_FINANCE_PROFESSIONAL_STRUCTURED.md:1580:,
Desktop/KB agenti/KBLI/KBLI_AUTOMOTIVE_MEDIA_FINANCE_PROFESSIONAL_STRUCTURED.md:1589:,
Desktop/KB agenti/KBLI/KBLI_AUTOMOTIVE_MEDIA_FINANCE_PROFESSIONAL_STRUCTURED.md:1598:,
Desktop/KB agenti/KBLI/KBLI_AUTOMOTIVE_MEDIA_FINANCE_PROFESSIONAL_STRUCTURED.md:1607:,
Desktop/KB agenti/KBLI/KBLI_AUTOMOTIVE_MEDIA_FINANCE_PROFESSIONAL_STRUCTURED.md:1616:,
Desktop/KB agenti/KBLI/KBLI_AUTOMOTIVE_MEDIA_FINANCE_PROFESSIONAL_STRUCTURED.md:1625:,
Desktop/KB agenti/KBLI/KBLI_AUTOMOTIVE_MEDIA_FINANCE_PROFESSIONAL_STRUCTURED.md:1634:,
Desktop/KB agenti/KBLI/KBLI_AUTOMOTIVE_MEDIA_FINANCE_PROFESSIONAL_STRUCTURED.md:1643:,
Desktop/KB agenti/KBLI/KBLI_AUTOMOTIVE_MEDIA_FINANCE_PROFESSIONAL_STRUCTURED.md:1652:,
Desktop/KB agenti/KBLI/KBLI_AUTOMOTIVE_MEDIA_FINANCE_PROFESSIONAL_STRUCTURED.md:1661:,
Desktop/KB agenti/KBLI/KBLI_AUTOMOTIVE_MEDIA_FINANCE_PROFESSIONAL_STRUCTURED.md:167:,
Desktop/KB agenti/KBLI/KBLI_AUTOMOTIVE_MEDIA_FINANCE_PROFESSIONAL_STRUCTURED.md:1670:,
Desktop/KB agenti/KBLI/KBLI_AUTOMOTIVE_MEDIA_FINANCE_PROFESSIONAL_STRUCTURED.md:1679:,
Desktop/KB agenti/KBLI/KBLI_AUTOMOTIVE_MEDIA_FINANCE_PROFESSIONAL_STRUCTURED.md:1688:,
Desktop/KB agenti/KBLI/KBLI_AUTOMOTIVE_MEDIA_FINANCE_PROFESSIONAL_STRUCTURED.md:1697:,
Desktop/KB agenti/KBLI/KBLI_AUTOMOTIVE_MEDIA_FINANCE_PROFESSIONAL_STRUCTURED.md:1706:,
Desktop/KB agenti/KBLI/KBLI_AUTOMOTIVE_MEDIA_FINANCE_PROFESSIONAL_STRUCTURED.md:1715:,
Desktop/KB agenti/KBLI/KBLI_AUTOMOTIVE_MEDIA_FINANCE_PROFESSIONAL_STRUCTURED.md:1724:,
Desktop/KB agenti/KBLI/KBLI_AUTOMOTIVE_MEDIA_FINANCE_PROFESSIONAL_STRUCTURED.md:1733:,
Desktop/KB agenti/KBLI/KBLI_AUTOMOTIVE_MEDIA_FINANCE_PROFESSIONAL_STRUCTURED.md:1742:,
Desktop/KB agenti/KBLI/KBLI_AUTOMOTIVE_MEDIA_FINANCE_PROFESSIONAL_STRUCTURED.md:1751:,
Desktop/KB agenti/KBLI/KBLI_AUTOMOTIVE_MEDIA_FINANCE_PROFESSIONAL_STRUCTURED.md:176:,
Desktop/KB agenti/KBLI/KBLI_AUTOMOTIVE_MEDIA_FINANCE_PROFESSIONAL_STRUCTURED.md:1760:,
Desktop/KB agenti/KBLI/KBLI_AUTOMOTIVE_MEDIA_FINANCE_PROFESSIONAL_STRUCTURED.md:1769:,
Desktop/KB agenti/KBLI/KBLI_AUTOMOTIVE_MEDIA_FINANCE_PROFESSIONAL_STRUCTURED.md:1778:,
Desktop/KB agenti/KBLI/KBLI_AUTOMOTIVE_MEDIA_FINANCE_PROFESSIONAL_STRUCTURED.md:1787:,
Desktop/KB agenti/KBLI/KBLI_AUTOMOTIVE_MEDIA_FINANCE_PROFESSIONAL_STRUCTURED.md:1796:,
Desktop/KB agenti/KBLI/KBLI_AUTOMOTIVE_MEDIA_FINANCE_PROFESSIONAL_STRUCTURED.md:1805:,
Desktop/KB agenti/KBLI/KBLI_AUTOMOTIVE_MEDIA_FINANCE_PROFESSIONAL_STRUCTURED.md:1814:,
Desktop/KB agenti/KBLI/KBLI_AUTOMOTIVE_MEDIA_FINANCE_PROFESSIONAL_STRUCTURED.md:1823:,
Desktop/KB agenti/KBLI/KBLI_AUTOMOTIVE_MEDIA_FINANCE_PROFESSIONAL_STRUCTURED.md:1832:,
Desktop/KB agenti/KBLI/KBLI_AUTOMOTIVE_MEDIA_FINANCE_PROFESSIONAL_STRUCTURED.md:1841:,
Desktop/KB agenti/KBLI/KBLI_AUTOMOTIVE_MEDIA_FINANCE_PROFESSIONAL_STRUCTURED.md:185:,
Desktop/KB agenti/KBLI/KBLI_AUTOMOTIVE_MEDIA_FINANCE_PROFESSIONAL_STRUCTURED.md:1850:,
Desktop/KB agenti/KBLI/KBLI_AUTOMOTIVE_MEDIA_FINANCE_PROFESSIONAL_STRUCTURED.md:1859:,
Desktop/KB agenti/KBLI/KBLI_AUTOMOTIVE_MEDIA_FINANCE_PROFESSIONAL_STRUCTURED.md:1868:,
Desktop/KB agenti/KBLI/KBLI_AUTOMOTIVE_MEDIA_FINANCE_PROFESSIONAL_STRUCTURED.md:1877:,
Desktop/KB agenti/KBLI/KBLI_AUTOMOTIVE_MEDIA_FINANCE_PROFESSIONAL_STRUCTURED.md:1886:,
Desktop/KB agenti/KBLI/KBLI_AUTOMOTIVE_MEDIA_FINANCE_PROFESSIONAL_STRUCTURED.md:1895:,
Desktop/KB agenti/KBLI/KBLI_AUTOMOTIVE_MEDIA_FINANCE_PROFESSIONAL_STRUCTURED.md:1904:,
Desktop/KB agenti/KBLI/KBLI_AUTOMOTIVE_MEDIA_FINANCE_PROFESSIONAL_STRUCTURED.md:1913:,
Desktop/KB agenti/KBLI/KBLI_AUTOMOTIVE_MEDIA_FINANCE_PROFESSIONAL_STRUCTURED.md:1922:,
Desktop/KB agenti/KBLI/KBLI_AUTOMOTIVE_MEDIA_FINANCE_PROFESSIONAL_STRUCTURED.md:1931:,
Desktop/KB agenti/KBLI/KBLI_AUTOMOTIVE_MEDIA_FINANCE_PROFESSIONAL_STRUCTURED.md:194:,
Desktop/KB agenti/KBLI/KBLI_AUTOMOTIVE_MEDIA_FINANCE_PROFESSIONAL_STRUCTURED.md:1940:,
Desktop/KB agenti/KBLI/KBLI_AUTOMOTIVE_MEDIA_FINANCE_PROFESSIONAL_STRUCTURED.md:1949:,
Desktop/KB agenti/KBLI/KBLI_AUTOMOTIVE_MEDIA_FINANCE_PROFESSIONAL_STRUCTURED.md:1958:,
Desktop/KB agenti/KBLI/KBLI_AUTOMOTIVE_MEDIA_FINANCE_PROFESSIONAL_STRUCTURED.md:1967:,
Desktop/KB agenti/KBLI/KBLI_AUTOMOTIVE_MEDIA_FINANCE_PROFESSIONAL_STRUCTURED.md:1976:,
Desktop/KB agenti/KBLI/KBLI_AUTOMOTIVE_MEDIA_FINANCE_PROFESSIONAL_STRUCTURED.md:1985:,
Desktop/KB agenti/KBLI/KBLI_AUTOMOTIVE_MEDIA_FINANCE_PROFESSIONAL_STRUCTURED.md:1994:,
Desktop/KB agenti/KBLI/KBLI_AUTOMOTIVE_MEDIA_FINANCE_PROFESSIONAL_STRUCTURED.md:2003:,
Desktop/KB agenti/KBLI/KBLI_AUTOMOTIVE_MEDIA_FINANCE_PROFESSIONAL_STRUCTURED.md:2012:,
Desktop/KB agenti/KBLI/KBLI_AUTOMOTIVE_MEDIA_FINANCE_PROFESSIONAL_STRUCTURED.md:2021:,
Desktop/KB agenti/KBLI/KBLI_AUTOMOTIVE_MEDIA_FINANCE_PROFESSIONAL_STRUCTURED.md:203:,
Desktop/KB agenti/KBLI/KBLI_AUTOMOTIVE_MEDIA_FINANCE_PROFESSIONAL_STRUCTURED.md:2030:,
Desktop/KB agenti/KBLI/KBLI_AUTOMOTIVE_MEDIA_FINANCE_PROFESSIONAL_STRUCTURED.md:2039:,
Desktop/KB agenti/KBLI/KBLI_AUTOMOTIVE_MEDIA_FINANCE_PROFESSIONAL_STRUCTURED.md:2048:,
Desktop/KB agenti/KBLI/KBLI_AUTOMOTIVE_MEDIA_FINANCE_PROFESSIONAL_STRUCTURED.md:2057:,
Desktop/KB agenti/KBLI/KBLI_AUTOMOTIVE_MEDIA_FINANCE_PROFESSIONAL_STRUCTURED.md:2066:,
Desktop/KB agenti/KBLI/KBLI_AUTOMOTIVE_MEDIA_FINANCE_PROFESSIONAL_STRUCTURED.md:2075:,
Desktop/KB agenti/KBLI/KBLI_AUTOMOTIVE_MEDIA_FINANCE_PROFESSIONAL_STRUCTURED.md:2084:,
Desktop/KB agenti/KBLI/KBLI_AUTOMOTIVE_MEDIA_FINANCE_PROFESSIONAL_STRUCTURED.md:2093:,
Desktop/KB agenti/KBLI/KBLI_AUTOMOTIVE_MEDIA_FINANCE_PROFESSIONAL_STRUCTURED.md:212:,
Desktop/KB agenti/KBLI/KBLI_AUTOMOTIVE_MEDIA_FINANCE_PROFESSIONAL_STRUCTURED.md:221:,
Desktop/KB agenti/KBLI/KBLI_AUTOMOTIVE_MEDIA_FINANCE_PROFESSIONAL_STRUCTURED.md:23:,
Desktop/KB agenti/KBLI/KBLI_AUTOMOTIVE_MEDIA_FINANCE_PROFESSIONAL_STRUCTURED.md:230:,
Desktop/KB agenti/KBLI/KBLI_AUTOMOTIVE_MEDIA_FINANCE_PROFESSIONAL_STRUCTURED.md:239:,
Desktop/KB agenti/KBLI/KBLI_AUTOMOTIVE_MEDIA_FINANCE_PROFESSIONAL_STRUCTURED.md:248:,
Desktop/KB agenti/KBLI/KBLI_AUTOMOTIVE_MEDIA_FINANCE_PROFESSIONAL_STRUCTURED.md:257:,
Desktop/KB agenti/KBLI/KBLI_AUTOMOTIVE_MEDIA_FINANCE_PROFESSIONAL_STRUCTURED.md:266:,
Desktop/KB agenti/KBLI/KBLI_AUTOMOTIVE_MEDIA_FINANCE_PROFESSIONAL_STRUCTURED.md:275:,
Desktop/KB agenti/KBLI/KBLI_AUTOMOTIVE_MEDIA_FINANCE_PROFESSIONAL_STRUCTURED.md:284:,
Desktop/KB agenti/KBLI/KBLI_AUTOMOTIVE_MEDIA_FINANCE_PROFESSIONAL_STRUCTURED.md:293:,
Desktop/KB agenti/KBLI/KBLI_AUTOMOTIVE_MEDIA_FINANCE_PROFESSIONAL_STRUCTURED.md:302:,
Desktop/KB agenti/KBLI/KBLI_AUTOMOTIVE_MEDIA_FINANCE_PROFESSIONAL_STRUCTURED.md:311:,
Desktop/KB agenti/KBLI/KBLI_AUTOMOTIVE_MEDIA_FINANCE_PROFESSIONAL_STRUCTURED.md:32:,
Desktop/KB agenti/KBLI/KBLI_AUTOMOTIVE_MEDIA_FINANCE_PROFESSIONAL_STRUCTURED.md:320:,
Desktop/KB agenti/KBLI/KBLI_AUTOMOTIVE_MEDIA_FINANCE_PROFESSIONAL_STRUCTURED.md:329:,
Desktop/KB agenti/KBLI/KBLI_AUTOMOTIVE_MEDIA_FINANCE_PROFESSIONAL_STRUCTURED.md:338:,
Desktop/KB agenti/KBLI/KBLI_AUTOMOTIVE_MEDIA_FINANCE_PROFESSIONAL_STRUCTURED.md:347:,
Desktop/KB agenti/KBLI/KBLI_AUTOMOTIVE_MEDIA_FINANCE_PROFESSIONAL_STRUCTURED.md:356:,
Desktop/KB agenti/KBLI/KBLI_AUTOMOTIVE_MEDIA_FINANCE_PROFESSIONAL_STRUCTURED.md:365:,
Desktop/KB agenti/KBLI/KBLI_AUTOMOTIVE_MEDIA_FINANCE_PROFESSIONAL_STRUCTURED.md:374:,
Desktop/KB agenti/KBLI/KBLI_AUTOMOTIVE_MEDIA_FINANCE_PROFESSIONAL_STRUCTURED.md:383:,
Desktop/KB agenti/KBLI/KBLI_AUTOMOTIVE_MEDIA_FINANCE_PROFESSIONAL_STRUCTURED.md:392:,
Desktop/KB agenti/KBLI/KBLI_AUTOMOTIVE_MEDIA_FINANCE_PROFESSIONAL_STRUCTURED.md:401:,
Desktop/KB agenti/KBLI/KBLI_AUTOMOTIVE_MEDIA_FINANCE_PROFESSIONAL_STRUCTURED.md:41:,
Desktop/KB agenti/KBLI/KBLI_AUTOMOTIVE_MEDIA_FINANCE_PROFESSIONAL_STRUCTURED.md:410:,
Desktop/KB agenti/KBLI/KBLI_AUTOMOTIVE_MEDIA_FINANCE_PROFESSIONAL_STRUCTURED.md:419:,
Desktop/KB agenti/KBLI/KBLI_AUTOMOTIVE_MEDIA_FINANCE_PROFESSIONAL_STRUCTURED.md:428:,
Desktop/KB agenti/KBLI/KBLI_AUTOMOTIVE_MEDIA_FINANCE_PROFESSIONAL_STRUCTURED.md:437:,
Desktop/KB agenti/KBLI/KBLI_AUTOMOTIVE_MEDIA_FINANCE_PROFESSIONAL_STRUCTURED.md:446:,
Desktop/KB agenti/KBLI/KBLI_AUTOMOTIVE_MEDIA_FINANCE_PROFESSIONAL_STRUCTURED.md:455:,
Desktop/KB agenti/KBLI/KBLI_AUTOMOTIVE_MEDIA_FINANCE_PROFESSIONAL_STRUCTURED.md:464:,
Desktop/KB agenti/KBLI/KBLI_AUTOMOTIVE_MEDIA_FINANCE_PROFESSIONAL_STRUCTURED.md:473:,
Desktop/KB agenti/KBLI/KBLI_AUTOMOTIVE_MEDIA_FINANCE_PROFESSIONAL_STRUCTURED.md:482:,
Desktop/KB agenti/KBLI/KBLI_AUTOMOTIVE_MEDIA_FINANCE_PROFESSIONAL_STRUCTURED.md:491:,
Desktop/KB agenti/KBLI/KBLI_AUTOMOTIVE_MEDIA_FINANCE_PROFESSIONAL_STRUCTURED.md:50:,
Desktop/KB agenti/KBLI/KBLI_AUTOMOTIVE_MEDIA_FINANCE_PROFESSIONAL_STRUCTURED.md:500:,
Desktop/KB agenti/KBLI/KBLI_AUTOMOTIVE_MEDIA_FINANCE_PROFESSIONAL_STRUCTURED.md:509:,
Desktop/KB agenti/KBLI/KBLI_AUTOMOTIVE_MEDIA_FINANCE_PROFESSIONAL_STRUCTURED.md:518:,
Desktop/KB agenti/KBLI/KBLI_AUTOMOTIVE_MEDIA_FINANCE_PROFESSIONAL_STRUCTURED.md:527:,
Desktop/KB agenti/KBLI/KBLI_AUTOMOTIVE_MEDIA_FINANCE_PROFESSIONAL_STRUCTURED.md:536:,
Desktop/KB agenti/KBLI/KBLI_AUTOMOTIVE_MEDIA_FINANCE_PROFESSIONAL_STRUCTURED.md:545:,
Desktop/KB agenti/KBLI/KBLI_AUTOMOTIVE_MEDIA_FINANCE_PROFESSIONAL_STRUCTURED.md:554:,
Desktop/KB agenti/KBLI/KBLI_AUTOMOTIVE_MEDIA_FINANCE_PROFESSIONAL_STRUCTURED.md:563:,
Desktop/KB agenti/KBLI/KBLI_AUTOMOTIVE_MEDIA_FINANCE_PROFESSIONAL_STRUCTURED.md:572:,
Desktop/KB agenti/KBLI/KBLI_AUTOMOTIVE_MEDIA_FINANCE_PROFESSIONAL_STRUCTURED.md:581:,
Desktop/KB agenti/KBLI/KBLI_AUTOMOTIVE_MEDIA_FINANCE_PROFESSIONAL_STRUCTURED.md:59:,
Desktop/KB agenti/KBLI/KBLI_AUTOMOTIVE_MEDIA_FINANCE_PROFESSIONAL_STRUCTURED.md:590:,
Desktop/KB agenti/KBLI/KBLI_AUTOMOTIVE_MEDIA_FINANCE_PROFESSIONAL_STRUCTURED.md:599:,
Desktop/KB agenti/KBLI/KBLI_AUTOMOTIVE_MEDIA_FINANCE_PROFESSIONAL_STRUCTURED.md:608:,
Desktop/KB agenti/KBLI/KBLI_AUTOMOTIVE_MEDIA_FINANCE_PROFESSIONAL_STRUCTURED.md:617:,
Desktop/KB agenti/KBLI/KBLI_AUTOMOTIVE_MEDIA_FINANCE_PROFESSIONAL_STRUCTURED.md:626:,
Desktop/KB agenti/KBLI/KBLI_AUTOMOTIVE_MEDIA_FINANCE_PROFESSIONAL_STRUCTURED.md:635:,
Desktop/KB agenti/KBLI/KBLI_AUTOMOTIVE_MEDIA_FINANCE_PROFESSIONAL_STRUCTURED.md:644:,
Desktop/KB agenti/KBLI/KBLI_AUTOMOTIVE_MEDIA_FINANCE_PROFESSIONAL_STRUCTURED.md:653:,
Desktop/KB agenti/KBLI/KBLI_AUTOMOTIVE_MEDIA_FINANCE_PROFESSIONAL_STRUCTURED.md:662:,
Desktop/KB agenti/KBLI/KBLI_AUTOMOTIVE_MEDIA_FINANCE_PROFESSIONAL_STRUCTURED.md:671:,
Desktop/KB agenti/KBLI/KBLI_AUTOMOTIVE_MEDIA_FINANCE_PROFESSIONAL_STRUCTURED.md:68:,
Desktop/KB agenti/KBLI/KBLI_AUTOMOTIVE_MEDIA_FINANCE_PROFESSIONAL_STRUCTURED.md:680:,
Desktop/KB agenti/KBLI/KBLI_AUTOMOTIVE_MEDIA_FINANCE_PROFESSIONAL_STRUCTURED.md:689:,
Desktop/KB agenti/KBLI/KBLI_AUTOMOTIVE_MEDIA_FINANCE_PROFESSIONAL_STRUCTURED.md:698:,
Desktop/KB agenti/KBLI/KBLI_AUTOMOTIVE_MEDIA_FINANCE_PROFESSIONAL_STRUCTURED.md:707:,
Desktop/KB agenti/KBLI/KBLI_AUTOMOTIVE_MEDIA_FINANCE_PROFESSIONAL_STRUCTURED.md:716:,
Desktop/KB agenti/KBLI/KBLI_AUTOMOTIVE_MEDIA_FINANCE_PROFESSIONAL_STRUCTURED.md:725:,
Desktop/KB agenti/KBLI/KBLI_AUTOMOTIVE_MEDIA_FINANCE_PROFESSIONAL_STRUCTURED.md:734:,
Desktop/KB agenti/KBLI/KBLI_AUTOMOTIVE_MEDIA_FINANCE_PROFESSIONAL_STRUCTURED.md:743:,
Desktop/KB agenti/KBLI/KBLI_AUTOMOTIVE_MEDIA_FINANCE_PROFESSIONAL_STRUCTURED.md:752:,
Desktop/KB agenti/KBLI/KBLI_AUTOMOTIVE_MEDIA_FINANCE_PROFESSIONAL_STRUCTURED.md:761:,
Desktop/KB agenti/KBLI/KBLI_AUTOMOTIVE_MEDIA_FINANCE_PROFESSIONAL_STRUCTURED.md:77:,
Desktop/KB agenti/KBLI/KBLI_AUTOMOTIVE_MEDIA_FINANCE_PROFESSIONAL_STRUCTURED.md:770:,
Desktop/KB agenti/KBLI/KBLI_AUTOMOTIVE_MEDIA_FINANCE_PROFESSIONAL_STRUCTURED.md:779:,
Desktop/KB agenti/KBLI/KBLI_AUTOMOTIVE_MEDIA_FINANCE_PROFESSIONAL_STRUCTURED.md:788:,
Desktop/KB agenti/KBLI/KBLI_AUTOMOTIVE_MEDIA_FINANCE_PROFESSIONAL_STRUCTURED.md:797:,
Desktop/KB agenti/KBLI/KBLI_AUTOMOTIVE_MEDIA_FINANCE_PROFESSIONAL_STRUCTURED.md:806:,
Desktop/KB agenti/KBLI/KBLI_AUTOMOTIVE_MEDIA_FINANCE_PROFESSIONAL_STRUCTURED.md:815:,
Desktop/KB agenti/KBLI/KBLI_AUTOMOTIVE_MEDIA_FINANCE_PROFESSIONAL_STRUCTURED.md:824:,
Desktop/KB agenti/KBLI/KBLI_AUTOMOTIVE_MEDIA_FINANCE_PROFESSIONAL_STRUCTURED.md:833:,
Desktop/KB agenti/KBLI/KBLI_AUTOMOTIVE_MEDIA_FINANCE_PROFESSIONAL_STRUCTURED.md:842:,
Desktop/KB agenti/KBLI/KBLI_AUTOMOTIVE_MEDIA_FINANCE_PROFESSIONAL_STRUCTURED.md:851:,
Desktop/KB agenti/KBLI/KBLI_AUTOMOTIVE_MEDIA_FINANCE_PROFESSIONAL_STRUCTURED.md:86:,
Desktop/KB agenti/KBLI/KBLI_AUTOMOTIVE_MEDIA_FINANCE_PROFESSIONAL_STRUCTURED.md:860:,
Desktop/KB agenti/KBLI/KBLI_AUTOMOTIVE_MEDIA_FINANCE_PROFESSIONAL_STRUCTURED.md:869:,
Desktop/KB agenti/KBLI/KBLI_AUTOMOTIVE_MEDIA_FINANCE_PROFESSIONAL_STRUCTURED.md:878:,
Desktop/KB agenti/KBLI/KBLI_AUTOMOTIVE_MEDIA_FINANCE_PROFESSIONAL_STRUCTURED.md:887:,
Desktop/KB agenti/KBLI/KBLI_AUTOMOTIVE_MEDIA_FINANCE_PROFESSIONAL_STRUCTURED.md:896:,
Desktop/KB agenti/KBLI/KBLI_AUTOMOTIVE_MEDIA_FINANCE_PROFESSIONAL_STRUCTURED.md:905:,
Desktop/KB agenti/KBLI/KBLI_AUTOMOTIVE_MEDIA_FINANCE_PROFESSIONAL_STRUCTURED.md:914:,
Desktop/KB agenti/KBLI/KBLI_AUTOMOTIVE_MEDIA_FINANCE_PROFESSIONAL_STRUCTURED.md:923:,
Desktop/KB agenti/KBLI/KBLI_AUTOMOTIVE_MEDIA_FINANCE_PROFESSIONAL_STRUCTURED.md:932:,
Desktop/KB agenti/KBLI/KBLI_AUTOMOTIVE_MEDIA_FINANCE_PROFESSIONAL_STRUCTURED.md:941:,
Desktop/KB agenti/KBLI/KBLI_AUTOMOTIVE_MEDIA_FINANCE_PROFESSIONAL_STRUCTURED.md:95:,
Desktop/KB agenti/KBLI/KBLI_AUTOMOTIVE_MEDIA_FINANCE_PROFESSIONAL_STRUCTURED.md:950:,
Desktop/KB agenti/KBLI/KBLI_AUTOMOTIVE_MEDIA_FINANCE_PROFESSIONAL_STRUCTURED.md:959:,
Desktop/KB agenti/KBLI/KBLI_AUTOMOTIVE_MEDIA_FINANCE_PROFESSIONAL_STRUCTURED.md:968:,
Desktop/KB agenti/KBLI/KBLI_AUTOMOTIVE_MEDIA_FINANCE_PROFESSIONAL_STRUCTURED.md:977:,
Desktop/KB agenti/KBLI/KBLI_AUTOMOTIVE_MEDIA_FINANCE_PROFESSIONAL_STRUCTURED.md:986:,
Desktop/KB agenti/KBLI/KBLI_AUTOMOTIVE_MEDIA_FINANCE_PROFESSIONAL_STRUCTURED.md:995:,
Desktop/KB agenti/KBLI/KBLI_CHEMICALS_PHARMACEUTICALS_MATERIALS_STRUCTURED.md:1004:,
Desktop/KB agenti/KBLI/KBLI_CHEMICALS_PHARMACEUTICALS_MATERIALS_STRUCTURED.md:1013:,
Desktop/KB agenti/KBLI/KBLI_CHEMICALS_PHARMACEUTICALS_MATERIALS_STRUCTURED.md:104:,
Desktop/KB agenti/KBLI/KBLI_CHEMICALS_PHARMACEUTICALS_MATERIALS_STRUCTURED.md:113:,
Desktop/KB agenti/KBLI/KBLI_CHEMICALS_PHARMACEUTICALS_MATERIALS_STRUCTURED.md:122:,
Desktop/KB agenti/KBLI/KBLI_CHEMICALS_PHARMACEUTICALS_MATERIALS_STRUCTURED.md:131:,
Desktop/KB agenti/KBLI/KBLI_CHEMICALS_PHARMACEUTICALS_MATERIALS_STRUCTURED.md:14:,
Desktop/KB agenti/KBLI/KBLI_CHEMICALS_PHARMACEUTICALS_MATERIALS_STRUCTURED.md:140:,
Desktop/KB agenti/KBLI/KBLI_CHEMICALS_PHARMACEUTICALS_MATERIALS_STRUCTURED.md:149:,
Desktop/KB agenti/KBLI/KBLI_CHEMICALS_PHARMACEUTICALS_MATERIALS_STRUCTURED.md:158:,
Desktop/KB agenti/KBLI/KBLI_CHEMICALS_PHARMACEUTICALS_MATERIALS_STRUCTURED.md:167:,
Desktop/KB agenti/KBLI/KBLI_CHEMICALS_PHARMACEUTICALS_MATERIALS_STRUCTURED.md:176:,
Desktop/KB agenti/KBLI/KBLI_CHEMICALS_PHARMACEUTICALS_MATERIALS_STRUCTURED.md:185:,
Desktop/KB agenti/KBLI/KBLI_CHEMICALS_PHARMACEUTICALS_MATERIALS_STRUCTURED.md:194:,
Desktop/KB agenti/KBLI/KBLI_CHEMICALS_PHARMACEUTICALS_MATERIALS_STRUCTURED.md:203:,
Desktop/KB agenti/KBLI/KBLI_CHEMICALS_PHARMACEUTICALS_MATERIALS_STRUCTURED.md:212:,
Desktop/KB agenti/KBLI/KBLI_CHEMICALS_PHARMACEUTICALS_MATERIALS_STRUCTURED.md:221:,
Desktop/KB agenti/KBLI/KBLI_CHEMICALS_PHARMACEUTICALS_MATERIALS_STRUCTURED.md:23:,
Desktop/KB agenti/KBLI/KBLI_CHEMICALS_PHARMACEUTICALS_MATERIALS_STRUCTURED.md:230:,
Desktop/KB agenti/KBLI/KBLI_CHEMICALS_PHARMACEUTICALS_MATERIALS_STRUCTURED.md:239:,
Desktop/KB agenti/KBLI/KBLI_CHEMICALS_PHARMACEUTICALS_MATERIALS_STRUCTURED.md:248:,
Desktop/KB agenti/KBLI/KBLI_CHEMICALS_PHARMACEUTICALS_MATERIALS_STRUCTURED.md:257:,
Desktop/KB agenti/KBLI/KBLI_CHEMICALS_PHARMACEUTICALS_MATERIALS_STRUCTURED.md:266:,
Desktop/KB agenti/KBLI/KBLI_CHEMICALS_PHARMACEUTICALS_MATERIALS_STRUCTURED.md:275:,
Desktop/KB agenti/KBLI/KBLI_CHEMICALS_PHARMACEUTICALS_MATERIALS_STRUCTURED.md:284:,
Desktop/KB agenti/KBLI/KBLI_CHEMICALS_PHARMACEUTICALS_MATERIALS_STRUCTURED.md:293:,
Desktop/KB agenti/KBLI/KBLI_CHEMICALS_PHARMACEUTICALS_MATERIALS_STRUCTURED.md:302:,
Desktop/KB agenti/KBLI/KBLI_CHEMICALS_PHARMACEUTICALS_MATERIALS_STRUCTURED.md:311:,
Desktop/KB agenti/KBLI/KBLI_CHEMICALS_PHARMACEUTICALS_MATERIALS_STRUCTURED.md:32:,
Desktop/KB agenti/KBLI/KBLI_CHEMICALS_PHARMACEUTICALS_MATERIALS_STRUCTURED.md:320:,
Desktop/KB agenti/KBLI/KBLI_CHEMICALS_PHARMACEUTICALS_MATERIALS_STRUCTURED.md:329:,
Desktop/KB agenti/KBLI/KBLI_CHEMICALS_PHARMACEUTICALS_MATERIALS_STRUCTURED.md:338:,
Desktop/KB agenti/KBLI/KBLI_CHEMICALS_PHARMACEUTICALS_MATERIALS_STRUCTURED.md:347:,
Desktop/KB agenti/KBLI/KBLI_CHEMICALS_PHARMACEUTICALS_MATERIALS_STRUCTURED.md:356:,
Desktop/KB agenti/KBLI/KBLI_CHEMICALS_PHARMACEUTICALS_MATERIALS_STRUCTURED.md:365:,
Desktop/KB agenti/KBLI/KBLI_CHEMICALS_PHARMACEUTICALS_MATERIALS_STRUCTURED.md:374:,
Desktop/KB agenti/KBLI/KBLI_CHEMICALS_PHARMACEUTICALS_MATERIALS_STRUCTURED.md:383:,
Desktop/KB agenti/KBLI/KBLI_CHEMICALS_PHARMACEUTICALS_MATERIALS_STRUCTURED.md:392:,
Desktop/KB agenti/KBLI/KBLI_CHEMICALS_PHARMACEUTICALS_MATERIALS_STRUCTURED.md:401:,
Desktop/KB agenti/KBLI/KBLI_CHEMICALS_PHARMACEUTICALS_MATERIALS_STRUCTURED.md:41:,
Desktop/KB agenti/KBLI/KBLI_CHEMICALS_PHARMACEUTICALS_MATERIALS_STRUCTURED.md:410:,
Desktop/KB agenti/KBLI/KBLI_CHEMICALS_PHARMACEUTICALS_MATERIALS_STRUCTURED.md:419:,
Desktop/KB agenti/KBLI/KBLI_CHEMICALS_PHARMACEUTICALS_MATERIALS_STRUCTURED.md:428:,
Desktop/KB agenti/KBLI/KBLI_CHEMICALS_PHARMACEUTICALS_MATERIALS_STRUCTURED.md:437:,
Desktop/KB agenti/KBLI/KBLI_CHEMICALS_PHARMACEUTICALS_MATERIALS_STRUCTURED.md:446:,
Desktop/KB agenti/KBLI/KBLI_CHEMICALS_PHARMACEUTICALS_MATERIALS_STRUCTURED.md:455:,
Desktop/KB agenti/KBLI/KBLI_CHEMICALS_PHARMACEUTICALS_MATERIALS_STRUCTURED.md:464:,
Desktop/KB agenti/KBLI/KBLI_CHEMICALS_PHARMACEUTICALS_MATERIALS_STRUCTURED.md:473:,
Desktop/KB agenti/KBLI/KBLI_CHEMICALS_PHARMACEUTICALS_MATERIALS_STRUCTURED.md:482:,
Desktop/KB agenti/KBLI/KBLI_CHEMICALS_PHARMACEUTICALS_MATERIALS_STRUCTURED.md:491:,
Desktop/KB agenti/KBLI/KBLI_CHEMICALS_PHARMACEUTICALS_MATERIALS_STRUCTURED.md:50:,
Desktop/KB agenti/KBLI/KBLI_CHEMICALS_PHARMACEUTICALS_MATERIALS_STRUCTURED.md:500:,
Desktop/KB agenti/KBLI/KBLI_CHEMICALS_PHARMACEUTICALS_MATERIALS_STRUCTURED.md:509:,
Desktop/KB agenti/KBLI/KBLI_CHEMICALS_PHARMACEUTICALS_MATERIALS_STRUCTURED.md:518:,
Desktop/KB agenti/KBLI/KBLI_CHEMICALS_PHARMACEUTICALS_MATERIALS_STRUCTURED.md:527:,
Desktop/KB agenti/KBLI/KBLI_CHEMICALS_PHARMACEUTICALS_MATERIALS_STRUCTURED.md:536:,
Desktop/KB agenti/KBLI/KBLI_CHEMICALS_PHARMACEUTICALS_MATERIALS_STRUCTURED.md:545:,
Desktop/KB agenti/KBLI/KBLI_CHEMICALS_PHARMACEUTICALS_MATERIALS_STRUCTURED.md:554:,
Desktop/KB agenti/KBLI/KBLI_CHEMICALS_PHARMACEUTICALS_MATERIALS_STRUCTURED.md:563:,
Desktop/KB agenti/KBLI/KBLI_CHEMICALS_PHARMACEUTICALS_MATERIALS_STRUCTURED.md:572:,
Desktop/KB agenti/KBLI/KBLI_CHEMICALS_PHARMACEUTICALS_MATERIALS_STRUCTURED.md:581:,
Desktop/KB agenti/KBLI/KBLI_CHEMICALS_PHARMACEUTICALS_MATERIALS_STRUCTURED.md:59:,
Desktop/KB agenti/KBLI/KBLI_CHEMICALS_PHARMACEUTICALS_MATERIALS_STRUCTURED.md:590:,
Desktop/KB agenti/KBLI/KBLI_CHEMICALS_PHARMACEUTICALS_MATERIALS_STRUCTURED.md:599:,
Desktop/KB agenti/KBLI/KBLI_CHEMICALS_PHARMACEUTICALS_MATERIALS_STRUCTURED.md:608:,
Desktop/KB agenti/KBLI/KBLI_CHEMICALS_PHARMACEUTICALS_MATERIALS_STRUCTURED.md:617:,
Desktop/KB agenti/KBLI/KBLI_CHEMICALS_PHARMACEUTICALS_MATERIALS_STRUCTURED.md:626:,
Desktop/KB agenti/KBLI/KBLI_CHEMICALS_PHARMACEUTICALS_MATERIALS_STRUCTURED.md:635:,
Desktop/KB agenti/KBLI/KBLI_CHEMICALS_PHARMACEUTICALS_MATERIALS_STRUCTURED.md:644:,
Desktop/KB agenti/KBLI/KBLI_CHEMICALS_PHARMACEUTICALS_MATERIALS_STRUCTURED.md:653:,
Desktop/KB agenti/KBLI/KBLI_CHEMICALS_PHARMACEUTICALS_MATERIALS_STRUCTURED.md:662:,
Desktop/KB agenti/KBLI/KBLI_CHEMICALS_PHARMACEUTICALS_MATERIALS_STRUCTURED.md:671:,
Desktop/KB agenti/KBLI/KBLI_CHEMICALS_PHARMACEUTICALS_MATERIALS_STRUCTURED.md:68:,
Desktop/KB agenti/KBLI/KBLI_CHEMICALS_PHARMACEUTICALS_MATERIALS_STRUCTURED.md:680:,
Desktop/KB agenti/KBLI/KBLI_CHEMICALS_PHARMACEUTICALS_MATERIALS_STRUCTURED.md:689:,
Desktop/KB agenti/KBLI/KBLI_CHEMICALS_PHARMACEUTICALS_MATERIALS_STRUCTURED.md:698:,
Desktop/KB agenti/KBLI/KBLI_CHEMICALS_PHARMACEUTICALS_MATERIALS_STRUCTURED.md:707:,
Desktop/KB agenti/KBLI/KBLI_CHEMICALS_PHARMACEUTICALS_MATERIALS_STRUCTURED.md:716:,
Desktop/KB agenti/KBLI/KBLI_CHEMICALS_PHARMACEUTICALS_MATERIALS_STRUCTURED.md:725:,
Desktop/KB agenti/KBLI/KBLI_CHEMICALS_PHARMACEUTICALS_MATERIALS_STRUCTURED.md:734:,
Desktop/KB agenti/KBLI/KBLI_CHEMICALS_PHARMACEUTICALS_MATERIALS_STRUCTURED.md:743:,
Desktop/KB agenti/KBLI/KBLI_CHEMICALS_PHARMACEUTICALS_MATERIALS_STRUCTURED.md:752:,
Desktop/KB agenti/KBLI/KBLI_CHEMICALS_PHARMACEUTICALS_MATERIALS_STRUCTURED.md:761:,
Desktop/KB agenti/KBLI/KBLI_CHEMICALS_PHARMACEUTICALS_MATERIALS_STRUCTURED.md:77:,
Desktop/KB agenti/KBLI/KBLI_CHEMICALS_PHARMACEUTICALS_MATERIALS_STRUCTURED.md:770:,
Desktop/KB agenti/KBLI/KBLI_CHEMICALS_PHARMACEUTICALS_MATERIALS_STRUCTURED.md:779:,
Desktop/KB agenti/KBLI/KBLI_CHEMICALS_PHARMACEUTICALS_MATERIALS_STRUCTURED.md:788:,
Desktop/KB agenti/KBLI/KBLI_CHEMICALS_PHARMACEUTICALS_MATERIALS_STRUCTURED.md:797:,
Desktop/KB agenti/KBLI/KBLI_CHEMICALS_PHARMACEUTICALS_MATERIALS_STRUCTURED.md:806:,
Desktop/KB agenti/KBLI/KBLI_CHEMICALS_PHARMACEUTICALS_MATERIALS_STRUCTURED.md:815:,
Desktop/KB agenti/KBLI/KBLI_CHEMICALS_PHARMACEUTICALS_MATERIALS_STRUCTURED.md:824:,
Desktop/KB agenti/KBLI/KBLI_CHEMICALS_PHARMACEUTICALS_MATERIALS_STRUCTURED.md:833:,
Desktop/KB agenti/KBLI/KBLI_CHEMICALS_PHARMACEUTICALS_MATERIALS_STRUCTURED.md:842:,
Desktop/KB agenti/KBLI/KBLI_CHEMICALS_PHARMACEUTICALS_MATERIALS_STRUCTURED.md:851:,
Desktop/KB agenti/KBLI/KBLI_CHEMICALS_PHARMACEUTICALS_MATERIALS_STRUCTURED.md:86:,
Desktop/KB agenti/KBLI/KBLI_CHEMICALS_PHARMACEUTICALS_MATERIALS_STRUCTURED.md:860:,
Desktop/KB agenti/KBLI/KBLI_CHEMICALS_PHARMACEUTICALS_MATERIALS_STRUCTURED.md:869:,
Desktop/KB agenti/KBLI/KBLI_CHEMICALS_PHARMACEUTICALS_MATERIALS_STRUCTURED.md:878:,
Desktop/KB agenti/KBLI/KBLI_CHEMICALS_PHARMACEUTICALS_MATERIALS_STRUCTURED.md:887:,
Desktop/KB agenti/KBLI/KBLI_CHEMICALS_PHARMACEUTICALS_MATERIALS_STRUCTURED.md:896:,
Desktop/KB agenti/KBLI/KBLI_CHEMICALS_PHARMACEUTICALS_MATERIALS_STRUCTURED.md:905:,
Desktop/KB agenti/KBLI/KBLI_CHEMICALS_PHARMACEUTICALS_MATERIALS_STRUCTURED.md:914:,
Desktop/KB agenti/KBLI/KBLI_CHEMICALS_PHARMACEUTICALS_MATERIALS_STRUCTURED.md:923:,
Desktop/KB agenti/KBLI/KBLI_CHEMICALS_PHARMACEUTICALS_MATERIALS_STRUCTURED.md:932:,
Desktop/KB agenti/KBLI/KBLI_CHEMICALS_PHARMACEUTICALS_MATERIALS_STRUCTURED.md:941:,
Desktop/KB agenti/KBLI/KBLI_CHEMICALS_PHARMACEUTICALS_MATERIALS_STRUCTURED.md:95:,
Desktop/KB agenti/KBLI/KBLI_CHEMICALS_PHARMACEUTICALS_MATERIALS_STRUCTURED.md:950:,
Desktop/KB agenti/KBLI/KBLI_CHEMICALS_PHARMACEUTICALS_MATERIALS_STRUCTURED.md:959:,
Desktop/KB agenti/KBLI/KBLI_CHEMICALS_PHARMACEUTICALS_MATERIALS_STRUCTURED.md:968:,
Desktop/KB agenti/KBLI/KBLI_CHEMICALS_PHARMACEUTICALS_MATERIALS_STRUCTURED.md:977:,
Desktop/KB agenti/KBLI/KBLI_CHEMICALS_PHARMACEUTICALS_MATERIALS_STRUCTURED.md:986:,
Desktop/KB agenti/KBLI/KBLI_CHEMICALS_PHARMACEUTICALS_MATERIALS_STRUCTURED.md:995:,
Desktop/KB agenti/KBLI/KBLI_METALS_ELECTRONICS_MACHINERY_STRUCTURED.md:104:,
Desktop/KB agenti/KBLI/KBLI_METALS_ELECTRONICS_MACHINERY_STRUCTURED.md:113:,
Desktop/KB agenti/KBLI/KBLI_METALS_ELECTRONICS_MACHINERY_STRUCTURED.md:122:,
Desktop/KB agenti/KBLI/KBLI_METALS_ELECTRONICS_MACHINERY_STRUCTURED.md:131:,
Desktop/KB agenti/KBLI/KBLI_METALS_ELECTRONICS_MACHINERY_STRUCTURED.md:14:,
Desktop/KB agenti/KBLI/KBLI_METALS_ELECTRONICS_MACHINERY_STRUCTURED.md:140:,
Desktop/KB agenti/KBLI/KBLI_METALS_ELECTRONICS_MACHINERY_STRUCTURED.md:149:,
Desktop/KB agenti/KBLI/KBLI_METALS_ELECTRONICS_MACHINERY_STRUCTURED.md:158:,
Desktop/KB agenti/KBLI/KBLI_METALS_ELECTRONICS_MACHINERY_STRUCTURED.md:167:,
Desktop/KB agenti/KBLI/KBLI_METALS_ELECTRONICS_MACHINERY_STRUCTURED.md:176:,
Desktop/KB agenti/KBLI/KBLI_METALS_ELECTRONICS_MACHINERY_STRUCTURED.md:185:,
Desktop/KB agenti/KBLI/KBLI_METALS_ELECTRONICS_MACHINERY_STRUCTURED.md:194:,
Desktop/KB agenti/KBLI/KBLI_METALS_ELECTRONICS_MACHINERY_STRUCTURED.md:203:,
Desktop/KB agenti/KBLI/KBLI_METALS_ELECTRONICS_MACHINERY_STRUCTURED.md:212:,
Desktop/KB agenti/KBLI/KBLI_METALS_ELECTRONICS_MACHINERY_STRUCTURED.md:221:,
Desktop/KB agenti/KBLI/KBLI_METALS_ELECTRONICS_MACHINERY_STRUCTURED.md:23:,
Desktop/KB agenti/KBLI/KBLI_METALS_ELECTRONICS_MACHINERY_STRUCTURED.md:230:,
Desktop/KB agenti/KBLI/KBLI_METALS_ELECTRONICS_MACHINERY_STRUCTURED.md:239:,
Desktop/KB agenti/KBLI/KBLI_METALS_ELECTRONICS_MACHINERY_STRUCTURED.md:248:,
Desktop/KB agenti/KBLI/KBLI_METALS_ELECTRONICS_MACHINERY_STRUCTURED.md:257:,
Desktop/KB agenti/KBLI/KBLI_METALS_ELECTRONICS_MACHINERY_STRUCTURED.md:266:,
Desktop/KB agenti/KBLI/KBLI_METALS_ELECTRONICS_MACHINERY_STRUCTURED.md:275:,
Desktop/KB agenti/KBLI/KBLI_METALS_ELECTRONICS_MACHINERY_STRUCTURED.md:284:,
Desktop/KB agenti/KBLI/KBLI_METALS_ELECTRONICS_MACHINERY_STRUCTURED.md:293:,
Desktop/KB agenti/KBLI/KBLI_METALS_ELECTRONICS_MACHINERY_STRUCTURED.md:302:,
Desktop/KB agenti/KBLI/KBLI_METALS_ELECTRONICS_MACHINERY_STRUCTURED.md:311:,
Desktop/KB agenti/KBLI/KBLI_METALS_ELECTRONICS_MACHINERY_STRUCTURED.md:32:,
Desktop/KB agenti/KBLI/KBLI_METALS_ELECTRONICS_MACHINERY_STRUCTURED.md:320:,
Desktop/KB agenti/KBLI/KBLI_METALS_ELECTRONICS_MACHINERY_STRUCTURED.md:329:,
Desktop/KB agenti/KBLI/KBLI_METALS_ELECTRONICS_MACHINERY_STRUCTURED.md:338:,
Desktop/KB agenti/KBLI/KBLI_METALS_ELECTRONICS_MACHINERY_STRUCTURED.md:347:,
Desktop/KB agenti/KBLI/KBLI_METALS_ELECTRONICS_MACHINERY_STRUCTURED.md:356:,
Desktop/KB agenti/KBLI/KBLI_METALS_ELECTRONICS_MACHINERY_STRUCTURED.md:365:,
Desktop/KB agenti/KBLI/KBLI_METALS_ELECTRONICS_MACHINERY_STRUCTURED.md:374:,
Desktop/KB agenti/KBLI/KBLI_METALS_ELECTRONICS_MACHINERY_STRUCTURED.md:383:,
Desktop/KB agenti/KBLI/KBLI_METALS_ELECTRONICS_MACHINERY_STRUCTURED.md:392:,
Desktop/KB agenti/KBLI/KBLI_METALS_ELECTRONICS_MACHINERY_STRUCTURED.md:401:,
Desktop/KB agenti/KBLI/KBLI_METALS_ELECTRONICS_MACHINERY_STRUCTURED.md:41:,
Desktop/KB agenti/KBLI/KBLI_METALS_ELECTRONICS_MACHINERY_STRUCTURED.md:410:,
Desktop/KB agenti/KBLI/KBLI_METALS_ELECTRONICS_MACHINERY_STRUCTURED.md:419:,
Desktop/KB agenti/KBLI/KBLI_METALS_ELECTRONICS_MACHINERY_STRUCTURED.md:428:,
Desktop/KB agenti/KBLI/KBLI_METALS_ELECTRONICS_MACHINERY_STRUCTURED.md:437:,
Desktop/KB agenti/KBLI/KBLI_METALS_ELECTRONICS_MACHINERY_STRUCTURED.md:446:,
Desktop/KB agenti/KBLI/KBLI_METALS_ELECTRONICS_MACHINERY_STRUCTURED.md:455:,
Desktop/KB agenti/KBLI/KBLI_METALS_ELECTRONICS_MACHINERY_STRUCTURED.md:464:,
Desktop/KB agenti/KBLI/KBLI_METALS_ELECTRONICS_MACHINERY_STRUCTURED.md:473:,
Desktop/KB agenti/KBLI/KBLI_METALS_ELECTRONICS_MACHINERY_STRUCTURED.md:482:,
Desktop/KB agenti/KBLI/KBLI_METALS_ELECTRONICS_MACHINERY_STRUCTURED.md:491:,
Desktop/KB agenti/KBLI/KBLI_METALS_ELECTRONICS_MACHINERY_STRUCTURED.md:50:,
Desktop/KB agenti/KBLI/KBLI_METALS_ELECTRONICS_MACHINERY_STRUCTURED.md:500:,
Desktop/KB agenti/KBLI/KBLI_METALS_ELECTRONICS_MACHINERY_STRUCTURED.md:509:,
Desktop/KB agenti/KBLI/KBLI_METALS_ELECTRONICS_MACHINERY_STRUCTURED.md:518:,
Desktop/KB agenti/KBLI/KBLI_METALS_ELECTRONICS_MACHINERY_STRUCTURED.md:527:,
Desktop/KB agenti/KBLI/KBLI_METALS_ELECTRONICS_MACHINERY_STRUCTURED.md:536:,
Desktop/KB agenti/KBLI/KBLI_METALS_ELECTRONICS_MACHINERY_STRUCTURED.md:545:,
Desktop/KB agenti/KBLI/KBLI_METALS_ELECTRONICS_MACHINERY_STRUCTURED.md:554:,
Desktop/KB agenti/KBLI/KBLI_METALS_ELECTRONICS_MACHINERY_STRUCTURED.md:563:,
Desktop/KB agenti/KBLI/KBLI_METALS_ELECTRONICS_MACHINERY_STRUCTURED.md:572:,
Desktop/KB agenti/KBLI/KBLI_METALS_ELECTRONICS_MACHINERY_STRUCTURED.md:581:,
Desktop/KB agenti/KBLI/KBLI_METALS_ELECTRONICS_MACHINERY_STRUCTURED.md:59:,
Desktop/KB agenti/KBLI/KBLI_METALS_ELECTRONICS_MACHINERY_STRUCTURED.md:590:,
Desktop/KB agenti/KBLI/KBLI_METALS_ELECTRONICS_MACHINERY_STRUCTURED.md:599:,
Desktop/KB agenti/KBLI/KBLI_METALS_ELECTRONICS_MACHINERY_STRUCTURED.md:608:,
Desktop/KB agenti/KBLI/KBLI_METALS_ELECTRONICS_MACHINERY_STRUCTURED.md:617:,
Desktop/KB agenti/KBLI/KBLI_METALS_ELECTRONICS_MACHINERY_STRUCTURED.md:626:,
Desktop/KB agenti/KBLI/KBLI_METALS_ELECTRONICS_MACHINERY_STRUCTURED.md:635:,
Desktop/KB agenti/KBLI/KBLI_METALS_ELECTRONICS_MACHINERY_STRUCTURED.md:644:,
Desktop/KB agenti/KBLI/KBLI_METALS_ELECTRONICS_MACHINERY_STRUCTURED.md:653:,
Desktop/KB agenti/KBLI/KBLI_METALS_ELECTRONICS_MACHINERY_STRUCTURED.md:662:,
Desktop/KB agenti/KBLI/KBLI_METALS_ELECTRONICS_MACHINERY_STRUCTURED.md:671:,
Desktop/KB agenti/KBLI/KBLI_METALS_ELECTRONICS_MACHINERY_STRUCTURED.md:68:,
Desktop/KB agenti/KBLI/KBLI_METALS_ELECTRONICS_MACHINERY_STRUCTURED.md:680:,
Desktop/KB agenti/KBLI/KBLI_METALS_ELECTRONICS_MACHINERY_STRUCTURED.md:689:,
Desktop/KB agenti/KBLI/KBLI_METALS_ELECTRONICS_MACHINERY_STRUCTURED.md:698:,
Desktop/KB agenti/KBLI/KBLI_METALS_ELECTRONICS_MACHINERY_STRUCTURED.md:707:,
Desktop/KB agenti/KBLI/KBLI_METALS_ELECTRONICS_MACHINERY_STRUCTURED.md:716:,
Desktop/KB agenti/KBLI/KBLI_METALS_ELECTRONICS_MACHINERY_STRUCTURED.md:725:,
Desktop/KB agenti/KBLI/KBLI_METALS_ELECTRONICS_MACHINERY_STRUCTURED.md:734:,
Desktop/KB agenti/KBLI/KBLI_METALS_ELECTRONICS_MACHINERY_STRUCTURED.md:743:,
Desktop/KB agenti/KBLI/KBLI_METALS_ELECTRONICS_MACHINERY_STRUCTURED.md:752:,
Desktop/KB agenti/KBLI/KBLI_METALS_ELECTRONICS_MACHINERY_STRUCTURED.md:761:,
Desktop/KB agenti/KBLI/KBLI_METALS_ELECTRONICS_MACHINERY_STRUCTURED.md:77:,
Desktop/KB agenti/KBLI/KBLI_METALS_ELECTRONICS_MACHINERY_STRUCTURED.md:770:,
Desktop/KB agenti/KBLI/KBLI_METALS_ELECTRONICS_MACHINERY_STRUCTURED.md:779:,
Desktop/KB agenti/KBLI/KBLI_METALS_ELECTRONICS_MACHINERY_STRUCTURED.md:788:,
Desktop/KB agenti/KBLI/KBLI_METALS_ELECTRONICS_MACHINERY_STRUCTURED.md:797:,
Desktop/KB agenti/KBLI/KBLI_METALS_ELECTRONICS_MACHINERY_STRUCTURED.md:806:,
Desktop/KB agenti/KBLI/KBLI_METALS_ELECTRONICS_MACHINERY_STRUCTURED.md:815:,
Desktop/KB agenti/KBLI/KBLI_METALS_ELECTRONICS_MACHINERY_STRUCTURED.md:824:,
Desktop/KB agenti/KBLI/KBLI_METALS_ELECTRONICS_MACHINERY_STRUCTURED.md:833:,
Desktop/KB agenti/KBLI/KBLI_METALS_ELECTRONICS_MACHINERY_STRUCTURED.md:842:,
Desktop/KB agenti/KBLI/KBLI_METALS_ELECTRONICS_MACHINERY_STRUCTURED.md:851:,
Desktop/KB agenti/KBLI/KBLI_METALS_ELECTRONICS_MACHINERY_STRUCTURED.md:86:,
Desktop/KB agenti/KBLI/KBLI_METALS_ELECTRONICS_MACHINERY_STRUCTURED.md:860:,
Desktop/KB agenti/KBLI/KBLI_METALS_ELECTRONICS_MACHINERY_STRUCTURED.md:869:,
Desktop/KB agenti/KBLI/KBLI_METALS_ELECTRONICS_MACHINERY_STRUCTURED.md:878:,
Desktop/KB agenti/KBLI/KBLI_METALS_ELECTRONICS_MACHINERY_STRUCTURED.md:887:,
Desktop/KB agenti/KBLI/KBLI_METALS_ELECTRONICS_MACHINERY_STRUCTURED.md:896:,
Desktop/KB agenti/KBLI/KBLI_METALS_ELECTRONICS_MACHINERY_STRUCTURED.md:905:,
Desktop/KB agenti/KBLI/KBLI_METALS_ELECTRONICS_MACHINERY_STRUCTURED.md:914:,
Desktop/KB agenti/KBLI/KBLI_METALS_ELECTRONICS_MACHINERY_STRUCTURED.md:923:,
Desktop/KB agenti/KBLI/KBLI_METALS_ELECTRONICS_MACHINERY_STRUCTURED.md:932:,
Desktop/KB agenti/KBLI/KBLI_METALS_ELECTRONICS_MACHINERY_STRUCTURED.md:941:,
Desktop/KB agenti/KBLI/KBLI_METALS_ELECTRONICS_MACHINERY_STRUCTURED.md:95:,
Desktop/KB agenti/KBLI/KBLI_METALS_ELECTRONICS_MACHINERY_STRUCTURED.md:950:,
Desktop/KB agenti/KBLI/KBLI_METALS_ELECTRONICS_MACHINERY_STRUCTURED.md:959:,
Desktop/KB agenti/KBLI/KBLI_METALS_ELECTRONICS_MACHINERY_STRUCTURED.md:968:,
Desktop/KB agenti/KBLI/KBLI_METALS_ELECTRONICS_MACHINERY_STRUCTURED.md:977:,
Desktop/KB agenti/KBLI/KBLI_TEXTILES_APPAREL_WOOD_PAPER_STRUCTURED.md:102:,
Desktop/KB agenti/KBLI/KBLI_TEXTILES_APPAREL_WOOD_PAPER_STRUCTURED.md:110:,
Desktop/KB agenti/KBLI/KBLI_TEXTILES_APPAREL_WOOD_PAPER_STRUCTURED.md:118:,
Desktop/KB agenti/KBLI/KBLI_TEXTILES_APPAREL_WOOD_PAPER_STRUCTURED.md:126:,
Desktop/KB agenti/KBLI/KBLI_TEXTILES_APPAREL_WOOD_PAPER_STRUCTURED.md:134:,
Desktop/KB agenti/KBLI/KBLI_TEXTILES_APPAREL_WOOD_PAPER_STRUCTURED.md:14:,
Desktop/KB agenti/KBLI/KBLI_TEXTILES_APPAREL_WOOD_PAPER_STRUCTURED.md:142:,
Desktop/KB agenti/KBLI/KBLI_TEXTILES_APPAREL_WOOD_PAPER_STRUCTURED.md:150:,
Desktop/KB agenti/KBLI/KBLI_TEXTILES_APPAREL_WOOD_PAPER_STRUCTURED.md:158:,
Desktop/KB agenti/KBLI/KBLI_TEXTILES_APPAREL_WOOD_PAPER_STRUCTURED.md:166:,
Desktop/KB agenti/KBLI/KBLI_TEXTILES_APPAREL_WOOD_PAPER_STRUCTURED.md:174:,
Desktop/KB agenti/KBLI/KBLI_TEXTILES_APPAREL_WOOD_PAPER_STRUCTURED.md:182:,
Desktop/KB agenti/KBLI/KBLI_TEXTILES_APPAREL_WOOD_PAPER_STRUCTURED.md:190:,
Desktop/KB agenti/KBLI/KBLI_TEXTILES_APPAREL_WOOD_PAPER_STRUCTURED.md:198:,
Desktop/KB agenti/KBLI/KBLI_TEXTILES_APPAREL_WOOD_PAPER_STRUCTURED.md:206:,
Desktop/KB agenti/KBLI/KBLI_TEXTILES_APPAREL_WOOD_PAPER_STRUCTURED.md:214:,
Desktop/KB agenti/KBLI/KBLI_TEXTILES_APPAREL_WOOD_PAPER_STRUCTURED.md:22:,
Desktop/KB agenti/KBLI/KBLI_TEXTILES_APPAREL_WOOD_PAPER_STRUCTURED.md:222:,
Desktop/KB agenti/KBLI/KBLI_TEXTILES_APPAREL_WOOD_PAPER_STRUCTURED.md:230:,
Desktop/KB agenti/KBLI/KBLI_TEXTILES_APPAREL_WOOD_PAPER_STRUCTURED.md:238:,
Desktop/KB agenti/KBLI/KBLI_TEXTILES_APPAREL_WOOD_PAPER_STRUCTURED.md:246:,
Desktop/KB agenti/KBLI/KBLI_TEXTILES_APPAREL_WOOD_PAPER_STRUCTURED.md:254:,
Desktop/KB agenti/KBLI/KBLI_TEXTILES_APPAREL_WOOD_PAPER_STRUCTURED.md:262:,
Desktop/KB agenti/KBLI/KBLI_TEXTILES_APPAREL_WOOD_PAPER_STRUCTURED.md:270:,
Desktop/KB agenti/KBLI/KBLI_TEXTILES_APPAREL_WOOD_PAPER_STRUCTURED.md:278:,
Desktop/KB agenti/KBLI/KBLI_TEXTILES_APPAREL_WOOD_PAPER_STRUCTURED.md:286:,
Desktop/KB agenti/KBLI/KBLI_TEXTILES_APPAREL_WOOD_PAPER_STRUCTURED.md:294:,
Desktop/KB agenti/KBLI/KBLI_TEXTILES_APPAREL_WOOD_PAPER_STRUCTURED.md:30:,
Desktop/KB agenti/KBLI/KBLI_TEXTILES_APPAREL_WOOD_PAPER_STRUCTURED.md:302:,
Desktop/KB agenti/KBLI/KBLI_TEXTILES_APPAREL_WOOD_PAPER_STRUCTURED.md:310:,
Desktop/KB agenti/KBLI/KBLI_TEXTILES_APPAREL_WOOD_PAPER_STRUCTURED.md:318:,
Desktop/KB agenti/KBLI/KBLI_TEXTILES_APPAREL_WOOD_PAPER_STRUCTURED.md:326:,
Desktop/KB agenti/KBLI/KBLI_TEXTILES_APPAREL_WOOD_PAPER_STRUCTURED.md:334:,
Desktop/KB agenti/KBLI/KBLI_TEXTILES_APPAREL_WOOD_PAPER_STRUCTURED.md:342:,
Desktop/KB agenti/KBLI/KBLI_TEXTILES_APPAREL_WOOD_PAPER_STRUCTURED.md:350:,
Desktop/KB agenti/KBLI/KBLI_TEXTILES_APPAREL_WOOD_PAPER_STRUCTURED.md:358:,
Desktop/KB agenti/KBLI/KBLI_TEXTILES_APPAREL_WOOD_PAPER_STRUCTURED.md:366:,
Desktop/KB agenti/KBLI/KBLI_TEXTILES_APPAREL_WOOD_PAPER_STRUCTURED.md:374:,
Desktop/KB agenti/KBLI/KBLI_TEXTILES_APPAREL_WOOD_PAPER_STRUCTURED.md:38:,
Desktop/KB agenti/KBLI/KBLI_TEXTILES_APPAREL_WOOD_PAPER_STRUCTURED.md:382:,
Desktop/KB agenti/KBLI/KBLI_TEXTILES_APPAREL_WOOD_PAPER_STRUCTURED.md:390:,
Desktop/KB agenti/KBLI/KBLI_TEXTILES_APPAREL_WOOD_PAPER_STRUCTURED.md:398:,
Desktop/KB agenti/KBLI/KBLI_TEXTILES_APPAREL_WOOD_PAPER_STRUCTURED.md:406:,
Desktop/KB agenti/KBLI/KBLI_TEXTILES_APPAREL_WOOD_PAPER_STRUCTURED.md:414:,
Desktop/KB agenti/KBLI/KBLI_TEXTILES_APPAREL_WOOD_PAPER_STRUCTURED.md:422:,
Desktop/KB agenti/KBLI/KBLI_TEXTILES_APPAREL_WOOD_PAPER_STRUCTURED.md:430:,
Desktop/KB agenti/KBLI/KBLI_TEXTILES_APPAREL_WOOD_PAPER_STRUCTURED.md:438:,
Desktop/KB agenti/KBLI/KBLI_TEXTILES_APPAREL_WOOD_PAPER_STRUCTURED.md:446:,
Desktop/KB agenti/KBLI/KBLI_TEXTILES_APPAREL_WOOD_PAPER_STRUCTURED.md:454:,
Desktop/KB agenti/KBLI/KBLI_TEXTILES_APPAREL_WOOD_PAPER_STRUCTURED.md:46:,
Desktop/KB agenti/KBLI/KBLI_TEXTILES_APPAREL_WOOD_PAPER_STRUCTURED.md:462:,
Desktop/KB agenti/KBLI/KBLI_TEXTILES_APPAREL_WOOD_PAPER_STRUCTURED.md:470:,
Desktop/KB agenti/KBLI/KBLI_TEXTILES_APPAREL_WOOD_PAPER_STRUCTURED.md:478:,
Desktop/KB agenti/KBLI/KBLI_TEXTILES_APPAREL_WOOD_PAPER_STRUCTURED.md:486:,
Desktop/KB agenti/KBLI/KBLI_TEXTILES_APPAREL_WOOD_PAPER_STRUCTURED.md:494:,
Desktop/KB agenti/KBLI/KBLI_TEXTILES_APPAREL_WOOD_PAPER_STRUCTURED.md:502:,
Desktop/KB agenti/KBLI/KBLI_TEXTILES_APPAREL_WOOD_PAPER_STRUCTURED.md:510:,
Desktop/KB agenti/KBLI/KBLI_TEXTILES_APPAREL_WOOD_PAPER_STRUCTURED.md:518:,
Desktop/KB agenti/KBLI/KBLI_TEXTILES_APPAREL_WOOD_PAPER_STRUCTURED.md:526:,
Desktop/KB agenti/KBLI/KBLI_TEXTILES_APPAREL_WOOD_PAPER_STRUCTURED.md:534:,
Desktop/KB agenti/KBLI/KBLI_TEXTILES_APPAREL_WOOD_PAPER_STRUCTURED.md:54:,
Desktop/KB agenti/KBLI/KBLI_TEXTILES_APPAREL_WOOD_PAPER_STRUCTURED.md:542:,
Desktop/KB agenti/KBLI/KBLI_TEXTILES_APPAREL_WOOD_PAPER_STRUCTURED.md:550:,
Desktop/KB agenti/KBLI/KBLI_TEXTILES_APPAREL_WOOD_PAPER_STRUCTURED.md:558:,
Desktop/KB agenti/KBLI/KBLI_TEXTILES_APPAREL_WOOD_PAPER_STRUCTURED.md:566:,
Desktop/KB agenti/KBLI/KBLI_TEXTILES_APPAREL_WOOD_PAPER_STRUCTURED.md:574:,
Desktop/KB agenti/KBLI/KBLI_TEXTILES_APPAREL_WOOD_PAPER_STRUCTURED.md:582:,
Desktop/KB agenti/KBLI/KBLI_TEXTILES_APPAREL_WOOD_PAPER_STRUCTURED.md:590:,
Desktop/KB agenti/KBLI/KBLI_TEXTILES_APPAREL_WOOD_PAPER_STRUCTURED.md:598:,
Desktop/KB agenti/KBLI/KBLI_TEXTILES_APPAREL_WOOD_PAPER_STRUCTURED.md:606:,
Desktop/KB agenti/KBLI/KBLI_TEXTILES_APPAREL_WOOD_PAPER_STRUCTURED.md:614:,
Desktop/KB agenti/KBLI/KBLI_TEXTILES_APPAREL_WOOD_PAPER_STRUCTURED.md:62:,
Desktop/KB agenti/KBLI/KBLI_TEXTILES_APPAREL_WOOD_PAPER_STRUCTURED.md:622:,
Desktop/KB agenti/KBLI/KBLI_TEXTILES_APPAREL_WOOD_PAPER_STRUCTURED.md:630:,
Desktop/KB agenti/KBLI/KBLI_TEXTILES_APPAREL_WOOD_PAPER_STRUCTURED.md:638:,
Desktop/KB agenti/KBLI/KBLI_TEXTILES_APPAREL_WOOD_PAPER_STRUCTURED.md:646:,
Desktop/KB agenti/KBLI/KBLI_TEXTILES_APPAREL_WOOD_PAPER_STRUCTURED.md:654:,
Desktop/KB agenti/KBLI/KBLI_TEXTILES_APPAREL_WOOD_PAPER_STRUCTURED.md:662:,
Desktop/KB agenti/KBLI/KBLI_TEXTILES_APPAREL_WOOD_PAPER_STRUCTURED.md:670:,
Desktop/KB agenti/KBLI/KBLI_TEXTILES_APPAREL_WOOD_PAPER_STRUCTURED.md:678:,
Desktop/KB agenti/KBLI/KBLI_TEXTILES_APPAREL_WOOD_PAPER_STRUCTURED.md:70:,
Desktop/KB agenti/KBLI/KBLI_TEXTILES_APPAREL_WOOD_PAPER_STRUCTURED.md:78:,
Desktop/KB agenti/KBLI/KBLI_TEXTILES_APPAREL_WOOD_PAPER_STRUCTURED.md:86:,
Desktop/KB agenti/KBLI/KBLI_TEXTILES_APPAREL_WOOD_PAPER_STRUCTURED.md:94:,
Desktop/KB agenti/KBLI/KBLI_VEHICLES_UTILITIES_WASTE_STRUCTURED.md:102:,
Desktop/KB agenti/KBLI/KBLI_VEHICLES_UTILITIES_WASTE_STRUCTURED.md:110:,
Desktop/KB agenti/KBLI/KBLI_VEHICLES_UTILITIES_WASTE_STRUCTURED.md:118:,
Desktop/KB agenti/KBLI/KBLI_VEHICLES_UTILITIES_WASTE_STRUCTURED.md:126:,
Desktop/KB agenti/KBLI/KBLI_VEHICLES_UTILITIES_WASTE_STRUCTURED.md:134:,
Desktop/KB agenti/KBLI/KBLI_VEHICLES_UTILITIES_WASTE_STRUCTURED.md:14:,
Desktop/KB agenti/KBLI/KBLI_VEHICLES_UTILITIES_WASTE_STRUCTURED.md:142:,
Desktop/KB agenti/KBLI/KBLI_VEHICLES_UTILITIES_WASTE_STRUCTURED.md:150:,
Desktop/KB agenti/KBLI/KBLI_VEHICLES_UTILITIES_WASTE_STRUCTURED.md:158:,
Desktop/KB agenti/KBLI/KBLI_VEHICLES_UTILITIES_WASTE_STRUCTURED.md:166:,
Desktop/KB agenti/KBLI/KBLI_VEHICLES_UTILITIES_WASTE_STRUCTURED.md:174:,
Desktop/KB agenti/KBLI/KBLI_VEHICLES_UTILITIES_WASTE_STRUCTURED.md:182:,
Desktop/KB agenti/KBLI/KBLI_VEHICLES_UTILITIES_WASTE_STRUCTURED.md:190:,
Desktop/KB agenti/KBLI/KBLI_VEHICLES_UTILITIES_WASTE_STRUCTURED.md:198:,
Desktop/KB agenti/KBLI/KBLI_VEHICLES_UTILITIES_WASTE_STRUCTURED.md:206:,
Desktop/KB agenti/KBLI/KBLI_VEHICLES_UTILITIES_WASTE_STRUCTURED.md:214:,
Desktop/KB agenti/KBLI/KBLI_VEHICLES_UTILITIES_WASTE_STRUCTURED.md:22:,
Desktop/KB agenti/KBLI/KBLI_VEHICLES_UTILITIES_WASTE_STRUCTURED.md:222:,
Desktop/KB agenti/KBLI/KBLI_VEHICLES_UTILITIES_WASTE_STRUCTURED.md:230:,
Desktop/KB agenti/KBLI/KBLI_VEHICLES_UTILITIES_WASTE_STRUCTURED.md:238:,
Desktop/KB agenti/KBLI/KBLI_VEHICLES_UTILITIES_WASTE_STRUCTURED.md:246:,
Desktop/KB agenti/KBLI/KBLI_VEHICLES_UTILITIES_WASTE_STRUCTURED.md:254:,
Desktop/KB agenti/KBLI/KBLI_VEHICLES_UTILITIES_WASTE_STRUCTURED.md:262:,
Desktop/KB agenti/KBLI/KBLI_VEHICLES_UTILITIES_WASTE_STRUCTURED.md:270:,
Desktop/KB agenti/KBLI/KBLI_VEHICLES_UTILITIES_WASTE_STRUCTURED.md:278:,
Desktop/KB agenti/KBLI/KBLI_VEHICLES_UTILITIES_WASTE_STRUCTURED.md:286:,
Desktop/KB agenti/KBLI/KBLI_VEHICLES_UTILITIES_WASTE_STRUCTURED.md:294:,
Desktop/KB agenti/KBLI/KBLI_VEHICLES_UTILITIES_WASTE_STRUCTURED.md:30:,
Desktop/KB agenti/KBLI/KBLI_VEHICLES_UTILITIES_WASTE_STRUCTURED.md:302:,
Desktop/KB agenti/KBLI/KBLI_VEHICLES_UTILITIES_WASTE_STRUCTURED.md:310:,
Desktop/KB agenti/KBLI/KBLI_VEHICLES_UTILITIES_WASTE_STRUCTURED.md:318:,
Desktop/KB agenti/KBLI/KBLI_VEHICLES_UTILITIES_WASTE_STRUCTURED.md:326:,
Desktop/KB agenti/KBLI/KBLI_VEHICLES_UTILITIES_WASTE_STRUCTURED.md:334:,
Desktop/KB agenti/KBLI/KBLI_VEHICLES_UTILITIES_WASTE_STRUCTURED.md:342:,
Desktop/KB agenti/KBLI/KBLI_VEHICLES_UTILITIES_WASTE_STRUCTURED.md:350:,
Desktop/KB agenti/KBLI/KBLI_VEHICLES_UTILITIES_WASTE_STRUCTURED.md:358:,
Desktop/KB agenti/KBLI/KBLI_VEHICLES_UTILITIES_WASTE_STRUCTURED.md:366:,
Desktop/KB agenti/KBLI/KBLI_VEHICLES_UTILITIES_WASTE_STRUCTURED.md:374:,
Desktop/KB agenti/KBLI/KBLI_VEHICLES_UTILITIES_WASTE_STRUCTURED.md:38:,
Desktop/KB agenti/KBLI/KBLI_VEHICLES_UTILITIES_WASTE_STRUCTURED.md:382:,
Desktop/KB agenti/KBLI/KBLI_VEHICLES_UTILITIES_WASTE_STRUCTURED.md:390:,
Desktop/KB agenti/KBLI/KBLI_VEHICLES_UTILITIES_WASTE_STRUCTURED.md:398:,
Desktop/KB agenti/KBLI/KBLI_VEHICLES_UTILITIES_WASTE_STRUCTURED.md:406:,
Desktop/KB agenti/KBLI/KBLI_VEHICLES_UTILITIES_WASTE_STRUCTURED.md:414:,
Desktop/KB agenti/KBLI/KBLI_VEHICLES_UTILITIES_WASTE_STRUCTURED.md:422:,
Desktop/KB agenti/KBLI/KBLI_VEHICLES_UTILITIES_WASTE_STRUCTURED.md:430:,
Desktop/KB agenti/KBLI/KBLI_VEHICLES_UTILITIES_WASTE_STRUCTURED.md:438:,
Desktop/KB agenti/KBLI/KBLI_VEHICLES_UTILITIES_WASTE_STRUCTURED.md:446:,
Desktop/KB agenti/KBLI/KBLI_VEHICLES_UTILITIES_WASTE_STRUCTURED.md:454:,
Desktop/KB agenti/KBLI/KBLI_VEHICLES_UTILITIES_WASTE_STRUCTURED.md:46:,
Desktop/KB agenti/KBLI/KBLI_VEHICLES_UTILITIES_WASTE_STRUCTURED.md:462:,
Desktop/KB agenti/KBLI/KBLI_VEHICLES_UTILITIES_WASTE_STRUCTURED.md:470:,
Desktop/KB agenti/KBLI/KBLI_VEHICLES_UTILITIES_WASTE_STRUCTURED.md:478:,
Desktop/KB agenti/KBLI/KBLI_VEHICLES_UTILITIES_WASTE_STRUCTURED.md:486:,
Desktop/KB agenti/KBLI/KBLI_VEHICLES_UTILITIES_WASTE_STRUCTURED.md:494:,
Desktop/KB agenti/KBLI/KBLI_VEHICLES_UTILITIES_WASTE_STRUCTURED.md:502:,
Desktop/KB agenti/KBLI/KBLI_VEHICLES_UTILITIES_WASTE_STRUCTURED.md:510:,
Desktop/KB agenti/KBLI/KBLI_VEHICLES_UTILITIES_WASTE_STRUCTURED.md:518:,
Desktop/KB agenti/KBLI/KBLI_VEHICLES_UTILITIES_WASTE_STRUCTURED.md:526:,
Desktop/KB agenti/KBLI/KBLI_VEHICLES_UTILITIES_WASTE_STRUCTURED.md:534:,
Desktop/KB agenti/KBLI/KBLI_VEHICLES_UTILITIES_WASTE_STRUCTURED.md:54:,
Desktop/KB agenti/KBLI/KBLI_VEHICLES_UTILITIES_WASTE_STRUCTURED.md:542:,
Desktop/KB agenti/KBLI/KBLI_VEHICLES_UTILITIES_WASTE_STRUCTURED.md:550:,
Desktop/KB agenti/KBLI/KBLI_VEHICLES_UTILITIES_WASTE_STRUCTURED.md:558:,
Desktop/KB agenti/KBLI/KBLI_VEHICLES_UTILITIES_WASTE_STRUCTURED.md:566:,
Desktop/KB agenti/KBLI/KBLI_VEHICLES_UTILITIES_WASTE_STRUCTURED.md:574:,
Desktop/KB agenti/KBLI/KBLI_VEHICLES_UTILITIES_WASTE_STRUCTURED.md:582:,
Desktop/KB agenti/KBLI/KBLI_VEHICLES_UTILITIES_WASTE_STRUCTURED.md:590:,
Desktop/KB agenti/KBLI/KBLI_VEHICLES_UTILITIES_WASTE_STRUCTURED.md:598:,
Desktop/KB agenti/KBLI/KBLI_VEHICLES_UTILITIES_WASTE_STRUCTURED.md:606:,
Desktop/KB agenti/KBLI/KBLI_VEHICLES_UTILITIES_WASTE_STRUCTURED.md:614:,
Desktop/KB agenti/KBLI/KBLI_VEHICLES_UTILITIES_WASTE_STRUCTURED.md:62:,
Desktop/KB agenti/KBLI/KBLI_VEHICLES_UTILITIES_WASTE_STRUCTURED.md:622:,
Desktop/KB agenti/KBLI/KBLI_VEHICLES_UTILITIES_WASTE_STRUCTURED.md:630:,
Desktop/KB agenti/KBLI/KBLI_VEHICLES_UTILITIES_WASTE_STRUCTURED.md:638:,
Desktop/KB agenti/KBLI/KBLI_VEHICLES_UTILITIES_WASTE_STRUCTURED.md:646:,
Desktop/KB agenti/KBLI/KBLI_VEHICLES_UTILITIES_WASTE_STRUCTURED.md:654:,
Desktop/KB agenti/KBLI/KBLI_VEHICLES_UTILITIES_WASTE_STRUCTURED.md:662:,
Desktop/KB agenti/KBLI/KBLI_VEHICLES_UTILITIES_WASTE_STRUCTURED.md:670:,
Desktop/KB agenti/KBLI/KBLI_VEHICLES_UTILITIES_WASTE_STRUCTURED.md:678:,
Desktop/KB agenti/KBLI/KBLI_VEHICLES_UTILITIES_WASTE_STRUCTURED.md:686:,
Desktop/KB agenti/KBLI/KBLI_VEHICLES_UTILITIES_WASTE_STRUCTURED.md:694:,
Desktop/KB agenti/KBLI/KBLI_VEHICLES_UTILITIES_WASTE_STRUCTURED.md:70:,
Desktop/KB agenti/KBLI/KBLI_VEHICLES_UTILITIES_WASTE_STRUCTURED.md:702:,
Desktop/KB agenti/KBLI/KBLI_VEHICLES_UTILITIES_WASTE_STRUCTURED.md:710:,
Desktop/KB agenti/KBLI/KBLI_VEHICLES_UTILITIES_WASTE_STRUCTURED.md:718:,
Desktop/KB agenti/KBLI/KBLI_VEHICLES_UTILITIES_WASTE_STRUCTURED.md:726:,
Desktop/KB agenti/KBLI/KBLI_VEHICLES_UTILITIES_WASTE_STRUCTURED.md:734:,
Desktop/KB agenti/KBLI/KBLI_VEHICLES_UTILITIES_WASTE_STRUCTURED.md:742:,
Desktop/KB agenti/KBLI/KBLI_VEHICLES_UTILITIES_WASTE_STRUCTURED.md:750:,
Desktop/KB agenti/KBLI/KBLI_VEHICLES_UTILITIES_WASTE_STRUCTURED.md:758:,
Desktop/KB agenti/KBLI/KBLI_VEHICLES_UTILITIES_WASTE_STRUCTURED.md:766:,
Desktop/KB agenti/KBLI/KBLI_VEHICLES_UTILITIES_WASTE_STRUCTURED.md:78:,
Desktop/KB agenti/KBLI/KBLI_VEHICLES_UTILITIES_WASTE_STRUCTURED.md:86:,
Desktop/KB agenti/KBLI/KBLI_VEHICLES_UTILITIES_WASTE_STRUCTURED.md:94:,
