region,provinsi,tradisi,kategori,penjelasan,nilai_kunci,waktu_pelaksanaan,bahasa
Nasional,Seluruh Indonesia,Upacara Bendera 17 Agustus,Ritual Kebangsaan,"Upacara resmi peringatan Kemerdekaan Republik Indonesia dengan pengibaran Sang Saka Merah Putih, pembacaan teks proklamasi, dan refleksi nasional.","Patriotisme, Persatuan, Gotong Royong",17 Agustus,Bahasa Indonesia
Nasional,Seluruh Indonesia,Hari Pancasila,Ritual Kebangsaan,"Upacara dan diskusi publik yang menegaskan lima sila Pancasila sebagai dasar negara dan panduan kehidupan bermasyarakat.","Ketuhanan, Kemanusiaan, Persatuan, Demokrasi, Keadilan",1 Juni,Bahasa Indonesia
Nasional,Seluruh Indonesia,Upacara Sumpah Pemuda,Ritual Kebangsaan,"Peringatan ikrar pemuda 1928 dengan fokus pada bahasa persatuan, semangat kebangsaan, serta kegiatan budaya lintas daerah.","Persatuan, Kepemudaan, Bahasa Persatuan",28 Oktober,Bahasa Indonesia
Nasional,Seluruh Indonesia,Musyawarah Adat,Adat/Nilai,"Forum penyelesaian masalah komunitas dengan prinsip mufakat dan keadilan restorative.","Musyawarah, Keadilan, Kebersamaan",Sepanjang tahun,Bahasa Indonesia + Bahasa Lokal
Nasional,Seluruh Indonesia,Gawai Syukur Panen,Adat Agraris,"Tradisi syukur panen yang dilakukan di berbagai daerah dengan nama dan bentuk berbeda (Sedekah Bumi, Wiwitan, dsb).","Syukur, Harmoni Alam, Solidaritas",Musim panen,Bahasa Indonesia + Bahasa Lokal
Jawa,DI Yogyakarta & Jawa Tengah,Grebeg Maulud,Ritual Istana,"Prosesi keraton yang membagikan gunungan hasil bumi kepada rakyat sebagai simbol kesejahteraan dan berbagi.","Kerakyatan, Syukur, Berkah",Maulid Nabi,Bahasa Jawa Krama
Jawa,DI Yogyakarta,Sekaten,Ritual Religi-Budaya,"Serangkaian jamasan gamelan, pasar malam, dan dakwah budaya untuk memperingati Maulid Nabi.","Dakwan Kultural, Harmoni, Inklusivitas",Maulid Nabi,Bahasa Jawa
Jawa,Jawa Tengah,Sedekah Laut Cilacap,Ritual Maritim,"Prosesi melarung sesaji ke laut untuk memohon keselamatan nelayan dan keberkahan rezeki.","Syukur, Relasi Dengan Alam, Keselamatan",Satu kali setahun,Bahasa Jawa + Bahasa Indonesia
Jawa,Jawa Timur,Ritual Kasada Tengger,Ritual Gunung,"Upacara umat Hindu Tengger di Gunung Bromo yang melarung hasil bumi ke kawah sebagai wujud syukur.","Kesetiaan, Syukur, Persembahan",Bulan Kasada,Bahasa Tengger + Bahasa Indonesia
Jawa,Jawa Barat,Mapag Sri,Ritual Agraris,"Penyambutan Dewi Sri sebagai simbol kesuburan sawah melalui arak-arakan dan doa agraris.","Syukur, Kesuburan, Gotong Royong",Menjelang panen,Bahasa Sunda
Sumatra,Aceh,Tari Saman,Tradisi Seni,"Tari serempak yang menggabungkan zikir, syair dakwah, dan gerak cepat sebagai simbol kekompakan masyarakat Gayo.","Kebersamaan, Dakwah, Ketahanan","Acara adat dan perayaan nasional",Bahasa Gayo + Bahasa Indonesia
Sumatra,Sumatera Barat,Tabuik Pariaman,Ritual Religi-Budaya,"Peringatan Asyura dengan arak-tohor Tabuik ke laut sebagai simbol duka cita dan pelepasan.","Solidaritas, Toleransi, Memori Kolektif",10 Muharram,Bahasa Minangkabau
Sumatra,Sumatera Selatan,Besemah Arak Serapah,Adat Pernikahan,"Ritual adat Besemah untuk membersihkan calon pengantin dan keluarga dari energi negatif sebelum pernikahan.","Kesucian, Kebersamaan, Restu Leluhur",Menjelang pernikahan,Bahasa Besemah + Bahasa Indonesia
Sumatra,Riau,Perang Topat Kampar,Ritual Syukur,"Tradisi melempar ketupat sebagai simbol syukur panen dan kebersamaan lintas etnis.","Solidaritas, Keceriaan, Berbagi",Musim panen,Bahasa Melayu Riau
Kalimantan,Kalbar,Naik Dango,Ritual Dayak,"Festival panen padi Dayak Kanayatn dengan tarian, doa adat, dan penyucian padi.","Syukur, Pelestarian Alam, Identitas Dayak",April,Bahasa Dayak Kanayatn
Kalimantan,Kalteng,Mangayau Dayak Ngaju,Ritual Adat,"Prosesi adat untuk merawat hubungan dengan roh penjaga melalui doa, tari, dan sesaji.","Harmoni Spiritual, Perlindungan, Kebersamaan",Sepanjang tahun,Bahasa Dayak Ngaju
Kalimantan,Kaltim,Erau Kutai,Ritual Kerajaan,"Pesta adat Kesultanan Kutai Kartanegara dengan belimbur, tari jepen, dan pengukuhan simbol kerajaan.","Warisan Kerajaan, Kesucian Air, Harmoni Sosial",21-29 September,Bahasa Kutai + Bahasa Indonesia
Sulawesi,Sulsel,Rambu Solo',Ritual Pemakaman,"Upacara pemakaman Toraja yang merayakan perjalanan arwah dengan persembahan, tedong silaga, dan alat musik tradisional.","Hormati Leluhur, Solidaritas Keluarga, Ritme Kosmis",Fleksibel sesuai keluarga,Bahasa Toraja Sa'dan
Sulawesi,Sultra,Karia Muna,Ritual Dewasa,"Ritus kedewasaan perempuan Muna melalui pendidikan adat, tarian, dan mandi suci.","Kedewasaan, Pendidikan Nilai, Kesucian",Menjelang dewasa,Bahasa Muna
Sulawesi,Sulut,Tarian Maengket,Tradisi Seni,"Tarian panen masyarakat Minahasa dengan musik kolintang, syair pujian, dan gerak berpasangan.","Kebersamaan, Syukur, Etika Kerja",Sesudah panen,Bahasa Minahasa + Bahasa Indonesia
Sulawesi,Sulteng,Pompania Kaili,Ritual Maritim,"Prosesi memandikan perahu dan pemberian sesaji laut untuk memohon keselamatan nelayan Kaili.","Keselamatan, Syukur, Relasi Laut",Awal musim tangkap,Bahasa Kaili
Bali & Nusa Tenggara,Bali,Ngaben,Ritual Kematian,"Kremasi umat Hindu Bali dengan prosesi bade, lembu, dan upacara pelepasan atma menuju alam suci.","Kesucian, Pelepasan, Dharma",Fleksibel sesuai keluarga,Bahasa Bali
Bali & Nusa Tenggara,Bali,Nyepi,Ritual Religi,"Hari sepi total dengan melasti, ogoh-ogoh, catur brata penyepian, dan ngembak geni.","Keseimbangan, Introspeksi, Keharmonisan Kosmis",Catur Sasih Kesanga,Bahasa Bali + Bahasa Indonesia
Bali & Nusa Tenggara,Nusa Tenggara Barat,Perang Topat Sasak,Ritual Toleransi,"Warga Muslim dan Hindu Lombok saling lempar ketupat sebagai simbol persaudaraan agraris.","Toleransi, Gotong Royong, Syukur",Setelah panen padi,Bahasa Sasak + Bahasa Indonesia
Bali & Nusa Tenggara,Nusa Tenggara Timur,Reba Ngada,Ritual Syukur,"Festival adat Ngada untuk menghormati leluhur melalui bhaga (rumah adat), tarian lego-lego, dan syair adat.","Syukur, Kekerabatan, Hukum Adat",Januari,Bahasa Ngada
Bali & Nusa Tenggara,Nusa Tenggara Timur,Penti Manggarai,Ritual Syukur,"Ritual panen Manggarai dengan pembukaan lumbung, tarian caci, dan doa adat di compang.","Syukur, Perlindungan Leluhur, Gotong Royong",Akhir tahun,Bahasa Manggarai
Maluku,Maluku Tengah,Pukul Manyapu,Ritual Rekonsiliasi,"Tradisi pukul sapu lidi di Morella dan Mamala untuk memperingati perjanjian Pela dan memperkuat persaudaraan.","Perdamaian, Solidaritas, Kesetiaan Pela",Hari Raya Idul Fitri,Bahasa Melayu Ambon + Bahasa Indonesia
Maluku,Maluku Tenggara,Bacarita Sasi,Ritual Konservasi,"Ritual adat Larvul Ngabal untuk menutup kawasan laut/hutan agar pulih sebelum panen berikutnya.","Konservasi, Kearifan Lokal, Ketaatan Adat",Sesuai siklus sumber daya,Bahasa Kei
Maluku,Maluku Barat Daya,Bela Rakyat,Ritual Laut,"Prosesi mengantar hasil laut kepada tetua adat sebagai simbol saling berbagi dan legitimasi penangkapan ikan.","Berbagi, Legitimasi Adat, Keselarasan Alam",Musim tertentu,Bahasa Babar + Bahasa Indonesia
Papua,Papua Tengah,Wor Biak,Ritual Adat,"Upacara Biak untuk menyambut tamu agung dengan tarian, mantra, dan pengukuhan hubungan keret." ,"Hospitalitas, Aliansi, Spiritualitas Laut",Saat kedatangan tamu,Bahasa Biak
Papua,Papua Pegunungan,Bakar Batu,Ritual Komunal,"Tradisi memasak bersama dengan batu panas untuk merayakan kelahiran, kedamaian, atau musyawarah besar." ,"Kebersamaan, Solidaritas, Distribusi Adil",Berbagai perayaan,Bahasa Dani + Bahasa Indonesia
Papua,Papua Selatan,Tari Yospan,Ritual Persahabatan,"Tari gabungan Yosim dan Pancar yang simbolkan persatuan antar suku pesisir dan pedalaman." ,"Persahabatan, Persatuan, Ekspresi Budaya",Festival budaya,Bahasa Papua Melayu
Papua,Provinsi Papua Barat,Kame Awi (Upacara Inisiasi Arfak),Ritual Inisiasi,"Prosesi inisiasi remaja Arfak dengan ritus hutan, pemakaian simbol burung cenderawasih, dan amanat leluhur." ,"Kedewasaan, Relasi Alam, Hormat Leluhur",Saat remaja siap,Bahasa Arfak
Nasional,Seluruh Indonesia,Gerakan Pramuka,Ritual Kebangsaan,"Kegiatan kepanduan yang mengajarkan kemandirian, disiplin, dan kepemimpinan melalui latihan rutin, perkemahan, serta baktisosial.","Disiplin, Kemandirian, Kepemimpinan",Sepanjang tahun,Bahasa Indonesia
Sumatra,Sumatera Barat,Malam Bainai,Adat Pernikahan,"Ritual malam sebelum pernikahan Minangkabau dengan pemakaian inai, doa keluarga, dan petuah adat.","Restu Keluarga, Kesucian, Adat Matrilineal",Menjelang pernikahan,Bahasa Minangkabau
Sumatra,Sumatera Barat,Balimau Kasai,Ritual Religi,"Tradisi mandi bersama di sungai menjelang Ramadan sebagai simbol pensucian diri.","Kesucian, Kebersamaan, Persiapan Spiritual",Menjelang Ramadan,Bahasa Minangkabau + Bahasa Indonesia
Sumatra,Riau,Mandi Safar,Ritual Tolak Bala,"Mandi massal di Sungai Siak setiap hari Rabu terakhir bulan Safar untuk menolak bala.","Proteksi, Kebersihan, Solidaritas",Safar,Bahasa Melayu
Sumatra,Jambi,Kenduri Sko,Ritual Adat,"Upacara sakral untuk meresmikan kepala adat dan menyucikan rumah adat Melayu Jambi.","Legitimasi Adat, Ketaatan Hukum Adat, Kebersamaan",Saat pergantian pemimpin adat,Bahasa Melayu Jambi
Sumatra,Lampung,Sekura Cakak Pepadun,Festival Budaya,"Festival topeng sekura usai Idul Fitri yang menampilkan tari, silat, dan musyawarah adat.","Keceriaan, Identitas Pepadun, Toleransi",Syawal,Bahasa Lampung
Sumatra,Bangka Belitung,Perang Ketupat Belinyu,Ritual Syukur,"Warga Belinyu saling lempar ketupat di pantai sebagai ungkapan syukur panen dan silaturahmi.","Syukur, Persaudaraan, Gotong Royong",Musim panen,Bahasa Melayu Bangka
Sumatra,Sumatera Utara,Fahombo Nias,Ritual Inisiasi,"Lompatan batu remaja lelaki Nias sebagai simbol kedewasaan dan kesiapan menjadi prajurit.","Keberanian, Tanggung Jawab, Status Sosial",Saat akil balig,Bahasa Nias
Sumatra,Aceh,Peusijuek,Ritual Berkah,"Taburan beras dan doa oleh teungku untuk memberkahi acara penting seperti pernikahan, perjalanan, atau rumah baru.","Berkah, Keselamatan, Ketundukan",Sesuaikan hajat,Bahasa Aceh
Sumatra,Sumatera Selatan,Sedekah Rame,Adat Agraris,"Ritual sedekah hasil bumi di desa-desa Musi Banyuasin sebagai wujud syukur panen.","Syukur, Kerukunan, Keseimbangan Alam",Panen raya,Bahasa Melayu Palembang
Jawa,DKI Jakarta,Palang Pintu,Tradisi Seni,"Pertunjukan silat dan pantun Betawi sebelum akad nikah sebagai simbol perlindungan dan adu kepandaian.","Persahabatan, Kemampuan, Restu Orang Tua",Menjelang pernikahan,Bahasa Betawi
Jawa,Jawa Barat,Seren Taun,Ritual Agraris,"Upacara syukur panen Sunda dengan arak pare, pembagian beras, dan nasihat karuhun.","Syukur, Keselarasan Alam, Solidaritas",Akhir musim tanam,Bahasa Sunda
Jawa,Jawa Timur,Seblang Olehsari,Ritual Penyembuhan,"Tari trance penari perempuan di Banyuwangi untuk memulihkan kampung dari pagebluk.","Purifikasi, Solidaritas, Pengabdian",Setelah Idul Fitri,Bahasa Osing
Jawa,DI Yogyakarta,Labuhan Parangkusumo,Ritual Laut,"Pengiriman sesaji keraton Yogyakarta ke laut selatan sebagai penghormatan kepada Ratu Kidul.","Harmoni Alam, Loyalitas, Keseimbangan Kosmis",Penanggalan keraton,Bahasa Jawa Krama
Jawa,Jawa Tengah,Dugderan Semarang,Festival Religi,"Pawai bedug dan kembang api untuk menandai datangnya Ramadan di Semarang.","Kebersamaan, Spiritualitas, Kesiapan",Menjelang Ramadan,Bahasa Jawa
Sulawesi,Sulawesi Selatan,Mappacci Bugis,Ritual Pernikahan,"Ritual pengolesan daun pacar pada tangan calon pengantin Bugis disertai doa dan nasehat keluarga.","Kesucian, Perlindungan, Restu Keluarga",Menjelang pernikahan,Bahasa Bugis
Sulawesi,Sulawesi Selatan,Maudu Lompoa,Gelar Religi,"Perayaan Maulid Nabi di Cikoang dengan pelarungan perahu mini berisi hasil bumi.","Kedermawanan, Dakwah, Harmoni Laut",Maulid Nabi,Bahasa Makassar + Bahasa Indonesia
Sulawesi,Sulawesi Barat,Sayang-Sayang Mandar,Tradisi Seni,"Tembang nasihat Mandar yang dilantunkan pada acara adat, memperkuat identitas dan etika sosial.","Nasihat, Identitas, Empati",Acara adat,Bahasa Mandar
Sulawesi,Gorontalo,Tumbilotohe,Ritual Religi,"Festival lampu minyak jelang Idul Fitri untuk menerangi pelataran masjid dan kampung.","Terang Spiritual, Kebersamaan, Kebersihan",Tiga malam terakhir Ramadan,Bahasa Gorontalo
Sulawesi,Sulawesi Tengah,Moduai,Adat Komunal,"Ritual memperingati leluhur Kaili dengan tarian gimba dan sesaji di lobo (balai adat).","Hormati Leluhur, Keseimbangan Alam, Solidaritas",Sesuai kesepakatan adat,Bahasa Kaili
Kalimantan,Kalimantan Barat,Aruh Baharin Dayak Bakumpai,Ritual Panen,"Ritual syukur panen padi dengan tarian, tabuhan gong, dan ramuan sakral.","Syukur, Kekeluargaan, Ketaatan Adat",Musim panen,Bahasa Bakumpai
Kalimantan,Kalimantan Selatan,Maccera' Tapparenge,Ritual Laut,"Memandikan senjata pusaka dan menyucikan perahu nelayan Bugis Banjar di pesisir Tanah Bumbu.","Perlindungan, Ketaatan, Kekompakan",Awal musim melaut,Bahasa Banjar + Bahasa Bugis
Kalimantan,Kalimantan Timur,Belimbur Samarinda,Festival Air,"Warga saling menyiram air wangi saat Erau untuk menolak bala dan memperkuat persaudaraan.","Kesucian, Keceriaan, Persaudaraan",Masa Erau,Bahasa Kutai + Bahasa Indonesia
Kalimantan,Kalimantan Utara,Iraw Tenggar,Adat Dayak,"Upacara syukur panen dan penghormatan roh penjaga di komunitas Dayak Lundayeh.","Syukur, Kearifan Lokal, Perlindungan",Sesuaikan panen,Bahasa Lundayeh
Bali & Nusa Tenggara,Bali,Mekotek,Misi Perlindungan,"Tradisi perang-perangan kayu di Desa Munggu untuk menolak bala dan menjaga keharmonisan desa adat.","Perlindungan, Kesatuan Desa, Keberanian",Tumpek Kuningan,Bahasa Bali
Bali & Nusa Tenggara,Bali,Mekiyis/Melasti,Ritual Penyucian,"Prosesi membersihkan benda sakral ke laut sebelum Nyepi, simbol penyucian bhuana alit dan agung.","Kesucian, Harmoni, Pengampunan",Menjelang Nyepi,Bahasa Bali
Bali & Nusa Tenggara,Nusa Tenggara Timur,Pasola,Ritual Prajurit,"Perang tombak berkuda Sumba untuk menyambut musim tanam dan membaca tanda alam.","Kesuburan, Keberanian, Taat Adat",Februari-Maret,Bahasa Sumba
Bali & Nusa Tenggara,Nusa Tenggara Barat,Belale Bima,Ritual Peternak,"Ritual membersihkan kandang dan kerbau sambil membaca doa Islam dan adat.","Kebersihan, Syukur, Keseimbangan",Awal musim penghujan,Bahasa Bima
Bali & Nusa Tenggara,Nusa Tenggara Timur,Foti Sabu,Ritual Laut,"Masyarakat Sabu Raijua mempersembahkan hasil laut kepada penguasa laut untuk keselamatan.","Keselamatan, Syukur, Relasi Laut",Awal musim tangkap,Bahasa Sabu
Maluku,Maluku Utara,Kololi Kie,Ritual Gunung,"Prosesi memutari gunung berapi oleh masyarakat Halmahera untuk memohon keselamatan dan kesuburan tanah.","Perlindungan, Keseimbangan, Kebersamaan",Saat gejala vulkanik,Bahasa Ternate + Bahasa Indonesia
Maluku,Maluku Utara,Baronda Banda,Festival Pelayaran,"Arak-arakan perahu khas Banda Neira untuk mengenang sejarah rempah dan persatuan antar kampung.","Warisan Sejarah, Persatuan, Kreativitas",September,Bahasa Melayu Banda
Maluku,Maluku Tenggara,Pormadi,Adat Nikah,"Ritual pernikahan Kei yang menekankan mas kawin berupa kain tenun dan pela gandong.","Aliansi, Kesetaraan, Restu Leluhur",Menjelang akad,Bahasa Kei
Papua,Papua Pegunungan,Isosolo Mee,Ritual Perdamaian,"Upacara suku Mee dengan tarian dan makan bersama untuk memulihkan konflik.","Perdamaian, Kepercayaan, Musyawarah",Pasca konflik,Bahasa Mee
Papua,Papua Barat Daya,Tari Salay,Tradisi Seni,"Tari penyambutan masyarakat Maybrat dengan gerak lentur dan hiasan bulu kasuari.","Hospitalitas, Identitas, Sukacita",Saat tamu penting,Bahasa Maybrat
Papua,Papua Selatan,Imesi Awyu,Ritual Hutan,"Ritual komunitas Awyu untuk meminta izin menebang pohon dengan doa dan sesaji.","Konservasi, Relasi Alam, Ketaatan Adat",Sebelum menebang,Bahasa Awyu
Papua,Papua Barat,Tari Selamat Datang Biak,Tradisi Seni,"Tarian penyambutan dengan gerak dinamis, tifa, dan lagu-lagu bahari Biak.","Persahabatan, Kebanggaan Bahari, Sukacita",Kedatangan tamu,Bahasa Biak
